brand_name,url_string,category_name
"Hawaiian Tropic",www.hawaiiantropic.com/,None
"Rihanna Fragrances",www.perfumesbyrihanna.com/,None
Remington,www.remingtonproducts.com/,None
LR,lrworld.com,None
"The Central Intelligence Agency (CIA)",www.cia.gov,None
Decleor,www.decleor.co.uk/,None
"Katy Perry Fragrances",www.katyperryfragrances.com/,None
Worthington's,www.worthingtonsale.com,None
PINK,pink.victoriassecret.com/,None
"Joe's Jeans",www.joesjeans.com/,None
"Dark and Lovely",www.softsheen-carson.com/_us/_en/dark-and-lovely/,None
"Thomas Pink",thomaspink.com,Retail
"Bath & Body Works",bathandbodyworks.com,Retail
Lush,lush.com,Retail
Williams-Sonoma,williams-sonoma.com,Retail
YOOX,yoox.com,Retail
Zales,zales.com,Retail
Zara,zara.com,Retail
Daslu,daslu.com.br,Retail
"Harvey Nichols",harveynichols.com,Retail
"Marks & Spencer",marksandspencer.com,Retail
"American Eagle Outfitters",ae.com,Retail
"American Apparel",americanapparel.net,Retail
"BCBG Max Azria",bcbg.com,Retail
Express,express.com,Retail
Gap,gap.com,Retail
Guess,shop.guess.com,Retail
"Nine West",ninewest.com,Retail
"Steve Madden",stevemadden.com,Retail
Tumi,tumi.com,Retail
Tourneau,www.tourneau.com/,Retail
H&M,hm.com,Retail
Uniqlo,uniqlo.com,Retail
Aeropostale,aeropostale.com,Retail
J.Crew,jcrew.com,Retail
JCPenney,www.jcpenney.com,Retail
"Godiva Chocolatier",godiva.com,Retail
Talbots,talbots.com,Retail
"The Body Shop",thebodyshop-usa.com,Retail
"Free People",freepeople.com,Retail
"Forever 21",www.forever21.com/Product/Main.aspx?br=f21,Retail
"Rag & Bone",rag-bone.com/,Retail
"Best Buy",www.bestbuy.com,Retail
Diesel,diesel.com,Retail
Lacoste,www.lacoste.com,Retail
"buybuy BABY",www.buybuybaby.com,Retail
"Ann Taylor",anntaylor.com,Retail
"Banana Republic",bananarepublic.com,Retail
Swatch,swatch.com,Retail
Walmart,www.walmart.com,Retail
Esprit,esprit.com,Retail
Gymboree,gymboree.com,Retail
"Lord & Taylor",www.lordandtaylor.com/webapp/wcs/stores/servlet/en/lord-and-taylor,Retail
"Victoria's Secret",victoriassecret.com,Retail
"Urban Outfitters",urbanoutfitters.com,Retail
Desigual,www.desigual.com/en_US,Retail
Nordstrom,shop.nordstrom.com,Retail
"French Connection",usa.frenchconnection.com,Retail
"Pottery Barn",shopbop.com,Retail
"White House | Black Market",whitehouseblackmarket.com,Retail
"Neiman Marcus",neimanmarcus.com,Retail
"Saks Fifth Avenue",saksfifthavenue.com,Retail
Macy's,macys.com,Retail
ASOS,asos.com,Retail
IKEA,ikea.com,Retail
"Abercrombie & Fitch",abercrombie.com,Retail
"Crate & Barrel",crateandbarrel.com,Retail
Shopbop,potterybarn.com,Retail
hhgregg,www.hhgregg.com,Retail
"Fry's Electronics",www.frys.com,Retail
Cabela's,www.cabelas.com/,Retail
Topshop,topshop.com,Retail
"Galeries Lafayette",galerieslafayette.com,Retail
Anthropologie,anthropologie.com,Retail
"Brooks Brothers",brooksbrothers.com,Retail
"Stuart Weitzman",stuartweitzman.com,Retail
Harrods,harrods.com,Retail
Selfridges,selfridges.com,Retail
"West Elm",westelm.com,Retail
"7 For All Mankind",7Forallmankind.com,Retail
"A|X Armani Exchange",armaniexchange.com,Retail
Aldo,aldo.com,Retail
"Bergdorf Goodman",bergdorfgoodman.com,Retail
Bloomingdale's,bloomingdales.com,Retail
"Blue Nile",bluenile.com,Retail
CB2,cb2.com,Retail
Chico's,chicos.com,Retail
"John Lewis",johnlewis.com,Retail
"Club Monaco",clubmonaco.com,Retail
"El Corte Ingles",elcorteingles.es,Retail
"Ethan Allen",ethanallen.com,Retail
"Galleria Department Store",galleria.co.kr,Retail
"Office Depot",www.officedepot.com,Retail
"Home Depot",www.homedepot.com,Retail
"House of Fraser",houseoffraser.co.uk,Retail
"Juicy Couture ",juicycouture.com,Retail
"Kenneth Cole",kennethcole.com,Retail
LOFT,www.loft.com/,Retail
"Lucky Brand",luckybrand.com,Retail
"Lululemon Athletica",www.lululemon.com,Retail
"El Palacio de Hierro",elpalaciodehierro.com.mx,Retail
"Alex and Ani",www.alexandani.com/,Retail
Net-A-Porter,net-a-porter.com,Retail
Sephora,sephora.com,Retail
"Barneys New York",barneys.com,Retail
REI,www.rei.com/,Retail
Kroger,www.kroger.com,Retail
Walgreens,walgreens.com,Retail
Reitmans,www.reitmans.com/,Retail
"Academy Sports + Outdoors",www.academy.com,Retail
"Vince Camuto",vincecamuto.com,Retail
Liberty,liberty.co.uk,Retail
"Harry Rosen",www.harryrosen.com/,Retail
Menards,www.menards.com,Retail
"Roots Canada",canada.roots.com/,Retail
"BJ's Wholesale Club",www.BJs.com,Retail
"Sam's Club",www.samsclub.com,Retail
"True Value",www.truevalue.com,Retail
"Petco Animal Supplies",www.petco.com,Retail
Belk,www.belk.com,Retail
Shinsegae,www.shinsegae.com/,Retail
"Trader Joe's",www.traderjoes.com,Retail
"Hudson's Bay",www.thebay.com/webapp/wcs/stores/servlet/en/thebay#!/,Retail
Publix,www.publix.com,Retail
Shopko,www.shopko.com,Retail
PetSmart,www.petsmart.com/,Retail
"Lane Crawford",www.lanecrawford.com/,Retail
"Jo-Ann Stores",www.joann.com,Retail
"Famous Footwear",www.famousfootwear.com,Retail
"Hobby Lobby",www.hobbylobby.com,Retail
Target,www.target.com/,Retail
"Rite Aid",www.riteaid.com,Retail
Decathlon,www.decathlon.de/,Retail
"Duluth Trading Company",www.duluthtrading.com/,Retail
OfficeMax,www.officemax.com,Retail
"Kay Jewelers",kay.com,Retail
RadioShack,www.radioshack.com,Retail
"Sports Authority",www.sportsauthority.com,Retail
"Destination Maternity ",destinationmaternity.com,Retail
"Big Lots",www.biglots.com,Retail
Kmart,www.Kmart.com,Retail
Toys'r'us,www.toysrus.com/shop/index.jsp?categoryId=2255956,Retail
"Burlington Coat Factory",www.burlingtoncoatfactory.com,Retail
"Value Retail",www.chicoutletshopping.com/en/home/home,Retail
Winners,www.winners.ca/en/index.asp,Retail
"Cost Plus World Market",www.worldmarket.com,Retail
Dillard's,dillards.com,Retail
Eastbay,www.eastbay.com/,Retail
GUM,gum.ru,Retail
HomeGoods,www.homegoods.com,Retail
Ulta,ulta.com,Retail
"Maison Birks",www.birks.com/,Retail
Meijer,www.meijer.com,Retail
"Bed Bath & Beyond",www.bedbathandbeyond.com,Retail
Mark's,www.marks.com/,Retail
"Stop & Shop",www.stopandshop.com,Retail
Kohl's,www.kohls.com,Retail
"Family Dollar",www.familydollar.com,Retail
"Container Store",www.containerstore.com,Retail
"Dollar General",www.dollargeneral.com,Retail
Fenwick,fenwick.co.uk,Retail
Ross,www.rossstores.com,Retail
"Dicks Sporting Goods",www.dickssportinggoods.com,Retail
"Holt Renfrew",holtrenfrew.com,Retail
"de Bijenkorf",debijenkorf.nl,Retail
"Ace Hardware",www.acehardware.com,Retail
"Dollar Tree",www.dollartree.com,Retail
Albertsons,www.albertsons.com,Retail
Carhartt,www.carhartt.com,Retail
Marshall's,www.marshallsonline.com,Retail
Sears,www.sears.com/,Retail
"TJ Maxx",tjmaxx.com,Retail
" eliminate (erroneous addition)",www.cvs.com/shop,Retail
"DSW Stores",www.dsw.com,Retail
"True Religion",www.truereligion.com/,Retail
"Michaels Stores",www.michaels.com,Retail
"Restoration Hardware",restorationhardware.com,Retail
Bon-Ton,bonton.com,Retail
Safeway,www.safeway.com,Retail
"Pier 1 Imports",www.pier1.com,Retail
"Whole Foods",www.wholefoodsmarket.com,Retail
"Honey Brown",www.honeybrownlager.com/#,Drinks
Courvoisier,courvoisier.com,Drinks
"Bombay Sapphire",www.bombaysapphire.com/,Drinks
Beefeater,www.beefeatergin.com/,Drinks
"Bud Light",www.budlight.com/,Drinks
Budweiser,www.budweiser.com/,Drinks
Corona,www.coronaextra.co.uk,Drinks
Heineken,www.heineken.com/,Drinks
"Coors Light",coorslight.com/,Drinks
"Miller Lite",www.millerlite.com/,Drinks
"Stella Artois",www.stellaartois.com/,Drinks
"Labatt Blue",www.labattus.com/,Drinks
"Leinenkugel Original Premium",leinie.com/,Drinks
"Molson Canadian",www.molsoncanadian.ca/en/Index.aspx,Drinks
"Natural Light",naturallight.com/,Drinks
"Rolling Rock",doingourthing.com/,Drinks
"Samuel Adams",www.samueladams.com/,Drinks
"Shiner Bock",www.shiner.com/,Drinks
"Sierra Nevada",www.sierranevada.com/,Drinks
Widmer,widmerbrothers.com/,Drinks
"Blue Moon Beer",bluemoonbrewingcompany.com,Drinks
Coors,www.coors.com/,Drinks
"Dos Equis",dosequis.com/,Drinks
"New Belgium",www.newbelgium.com/Home.aspx,Drinks
Guinness,www.guinness.com/,Drinks
"Gordon Biersch",www.gordonbiersch.com/,Drinks
"Chivas Regal",www.chivas.com/,Drinks
Belvedere,www.belvederevodka.com/,Drinks
"Vita Coco",vitacoco.com/,Drinks
Glenmorangie,glenmorangie.com,Drinks
Schell's,www.schellsbrewery.com/home.php,Drinks
"Cold Spring",coldspringbrewery.com/,Drinks
Uinta,www.uintabrewing.com/,Drinks
NOS,www.drinknos.com/,Drinks
Ciroc,www.ciroc.com/,Drinks
Founders,foundersbrewing.com/,Drinks
"Brooklyn Brewery",brooklynbrewery.com/,Drinks
Harpoon,www.harpoonbrewery.com/,Drinks
"Oskar Blues",oskarblues.com/,Drinks
Firestone,www.firestonebeer.com/,Drinks
Stone,www.stonebrew.com/,Drinks
"Sierra Mist",www.sierramist.com/,Drinks
"Mountain Dew",www.mountaindew.com/,Drinks
Crystal,www.cervejacrystal.com.br/,Drinks
"Olde Saratoga",www.oldesaratogabrew.com/,Drinks
"Dr. Pepper",www.drpepper.com/,Drinks
Enervit,www.enervit.com/,Drinks
Aperol,www.aperol.com,Drinks
"Rock Bottom",www.rockbottom.com/,Drinks
"Third Street Brewhouse",www.thirdstreetbrewhouse.com/,Drinks
Boulevard,www.boulevard.com/,Drinks
Lucozade,www.lucozade.com/,Drinks
"Dogfish Head",www.dogfish.com/,Drinks
"S. Pellegrino",www.sanpellegrino.com,Drinks
Shipyard,www.shipyard.com/,Drinks
"Nova Schin",www.novaschin.com/,Drinks
Troegs,www.troegs.com/,Drinks
"Deschutes Brewery",www.deschutesbrewery.com/,Drinks
"Lost Coast",www.lostcoast.com/,Drinks
Mendocino,www.mendobrew.com/home.html,Drinks
"Mezzo Mix",www.mezzomix.de/,Drinks
Odell,odellbrewing.com/,Drinks
"Saint Arnold",www.saintarnold.com/,Drinks
Energade,www.energade.co.za/,Drinks
"New Glarus",www.newglarusbrewing.com/,Drinks
"Shock Top",www.shocktopbeer.com/,Drinks
Orangina,www.orangina.eu/,Drinks
"Pilsen Callao",www.pilsencallao.com.pe/,Drinks
Victoria,www.cervezavictoria.es/,Drinks
"La Casera",www.lacasera.es/,Drinks
"I.C. Light",www.pittsburghbrewing.com/brands/#ic-light,Drinks
"Diet Coke",www.dietcoke.com/,Drinks
"Flying Dog",flyingdogales.com/,Drinks
"Dark Dog",www.darkdog-energydrink.com/,Drinks
Sprite,www.sprite.com/,Drinks
Schlafly,www.schlafly.com,Drinks
Kingfisher,www.kingfisherworld.com/,Drinks
"Effect Energy",www.effect-energy.com/,Drinks
"Faxe Kondi",kondi.like.st/faxekondi/faxekondi/image_poll/website,Drinks
Emerge,www.emergestimulation.com/,Drinks
"Grain Belt",www.grainbelt.com/home.php,Drinks
"Rockstar Energy",rockstarenergy.com/,Drinks
Kaiser,www.kaiser.com.br//,Drinks
Dundee,www.dundeebeer.com/,Drinks
"Karl Strauss",www.karlstrauss.com/,Drinks
"Left Hand",www.lefthandbrewing.com/,Drinks
Schweppes,www.schweppes.com/,Drinks
"Portland Brewing",www.portlandbrewing.com/,Drinks
"Canada Dry",www.canadadry.com/,Drinks
Abita,abita.com/,Drinks
Arizona,drinkarizona.wordpress.com/,Drinks
"Great Lakes",www.greatlakesbrewing.com/,Drinks
Bell's,bellsbeer.com/,Drinks
Milagro,www.milagrotequila.com/,Drinks
"Goose Island",www.gooseisland.com/,Drinks
"Tito's Vodka",www.titosvodka.com,Drinks
"Fernet Branca",www.fernetbranca.com,Drinks
"Coke Zero",www.cokezero.com/,Drinks
"North Coast Brewing Co.",www.northcoastbrewing.com,Drinks
"Full Sail",www.fullsailbrewing.com/,Drinks
SweetWater,sweetwaterbrew.com/,Drinks
Fanta,www.fanta.com/,Drinks
Gatorade,www.gatorade.com/,Drinks
Cristal,www.cristal.com.pe/index,Drinks
"Full Throttle",www.drinkfullthrottle.com/,Drinks
Lagunitas,lagunitas.com/,Drinks
"Fairfield Inn & Suites",www.marriott.com/fairfield-inn/travel.mi,Travel
Jumeirah,jumeirah.com,Travel
"Waldorf-Astoria Hotels & Resorts",waldorfastoria3.hilton.com/en/index.html,Travel
"Conrad Hotels & Resorts",conradhotels3.hilton.com,Travel
"InterContinental Hotels & Resorts",intercontinental.com,Travel
"Marriott Hotels",www.marriott.com/marriott-hotels-resorts/travel.mi,Travel
"St. Regis Hotels & Resorts",starwoodhotels.com/stregis/index.html,Travel
"Swissotel Hotels & Resorts",www.swissotel.com/,Travel
"Days Inn",www.daysinn.com/,Travel
"Super 8",www.super8.com/,Travel
"Dorchester Collection",www.dorchestercollection.com/,Travel
"Dream Hotels",www.dreamhotels.com/,Travel
Radisson,www.radisson.com/,Travel
"Wyndham Hotels and Resorts",www.wyndham.com/,Travel
"Banyan Tree Hotels & Resorts",www.banyantree.com/,Travel
"Small Luxury Hotels of the World",www.slh.com/,Travel
Kempinski,www.kempinski.com/,Travel
"Sheraton Hotels & Resorts",starwoodhotels.com/sheraton/index.html,Travel
"Relais & Chateaux",relaischateaux.com,Travel
"Morgans Hotel Group",morganshotelgroup.com,Travel
"Le Meridien",starwoodhotels.com/lemeridien,Travel
"Park Hyatt",park.hyatt.com/en/parkhyatt.html,Travel
"Mandarin Oriental",mandarinoriental.com,Travel
"Autograph Collection",www.autograph-hotels.marriott.com/,Travel
"The Ritz-Carlton",ritzcarlton.com,Travel
"Shangri-La Hotels and Resorts",shangri-la.com,Travel
Belmond,www.belmond.com/,Travel
"Fairmont Hotels & Resorts",fairmont.com,Travel
"Hotel Indigo",www.ihg.com/hotelindigo/hotels/us/en/hd,Travel
"MGallery Collection",www.mgallery.com/gb/usa/index.shtml,Travel
"Pan Pacific Hotels & Resorts",www.panpacific.com/,Travel
"Four Seasons Hotels and Resorts",fourseasons.com,Travel
"The Peninsula Hotels",peninsula.com,Travel
"Viceroy Hotels and Resorts",www.viceroyhotelsandresorts.com/,Travel
"Grand Hyatt",www.grand.hyatt.com/en/grandhyatt.html,Travel
"The Luxury Collection Hotels & Resorts",www.starwoodhotels.com/luxury/index.html,Travel
"JW Marriott",jwmarriott.com,Travel
"Renaissance Hotels",renaissance-hotels.marriott.com/,Travel
"One&Only Resorts",www.oneandonlyresorts.com/,Travel
"Hyatt Regency",www.regency.hyatt.com/en/hyattregency.html,Travel
"Omni Hotels & Resorts",www.omnihotels.com/,Travel
"The Leading Hotels of the World",www.lhw.com/,Travel
element,www.starwoodhotels.com/element/index.html,Travel
"Oberoi Hotels & Resorts",www.oberoihotels.com/,Travel
Sofitel,sofitel.com,Travel
"Joie de Vivre",www.jdvhotels.com/,Travel
"Country Hearth Inns & Suites",www.countryhearth.com/,Travel
"W Hotels",www.whotels.com,Travel
"Hyatt Hotels",www.hyatthotels.hyatt.com/en/hyatthotels.html,Travel
"Hilton Hotels & Resorts",hilton.com,Travel
"Concorde Hotels & Resorts",www.concorde-hotels.com/en/,Travel
"Radisson Blu",www.radissonblu.com/,Travel
"Warwick International Hotels",www.warwickhotels.com/,Travel
"The Langham Hotels and Resorts",www.langhamhotels.com,Travel
"Pullman Hotels and Resorts",www.pullmanhotels.com/,Travel
"Raffles Hotels & Resorts",www.raffles.com/,Travel
"Kimpton Hotels & Restaurants",www.kimptonhotels.com/,Travel
"Rosewood Hotels & Resorts",rosewoodhotels.com,Travel
"Loews Hotels & Resorts",www.loewshotels.com/,Travel
Emirates,www.emirates.com/us/english/,Travel
Taj,www.tajhotels.com/Luxury/Index.html,Travel
"MGM Resorts",www.mgmresorts.com/,Travel
"Millennium Hotels and Resorts",www.millenniumhotels.com/,Travel
"Holiday Inn Express",www.hiexpress.com,Travel
"Preferred Hotels & Resorts",preferredhotelgroup.com,Travel
"Westin Hotels and Resorts",www.starwoodhotels.com/westin/index.html,Travel
"Vivanta by Taj Hotels & Resorts",www.vivantabytaj.com/,Travel
"Hampton Inn & Suites",hamptoninn3.hilton.com/en/index.html,Travel
"Four Points by Sheraton",www.starwoodhotels.com/fourpoints/index.html,Travel
"Steigenberger Hotels and Resorts",en.steigenberger.com/,Travel
"Howard Johnson",www.hojo.com/,Travel
"Holiday Inn",www.holidayinn.com,Travel
"Vagabond Inn",www.vagabondinn.com/,Travel
"Hyatt Place",www.place.hyatt.com/en/hyattplace.html,Travel
"Budget Host Inn",www.budgethost.com/,Travel
"Crowne Plaza",www.ihg.com/crowneplaza/hotels/us/en/reservation,Travel
Anantara,www.anantara.com/,Travel
"Courtyard by Marriott",www.marriott.com/courtyard/travel.mi,Travel
Clarion,www.clarionhotel.com/,Travel
Campanile,www.campanile.com/fr,Travel
Worldhotels,www.worldhotels.com/,Travel
"Okura Hotels & Resorts",www.okura.com/brand/ohr/,Travel
"Country Inns & Suites",www.countryinns.com/,Travel
"Dorint Hotels & Resorts",www.dorint.com/de/,Travel
"Comfort Suites",www.comfortsuites.com/,Travel
"H10 Hotels",www.h10hotels.com/es/index.html,Travel
"Knights Inn",www.knightsinn.com/,Travel
"Cambria Suites",www.cambriasuites.com/,Travel
"DoubleTree by Hilton",doubletree3.hilton.com/en/index.html,Travel
"Econo Lodge",www.econolodge.com/,Travel
Andaz,www.andaz.hyatt.com/en/andaz.html,Travel
"Nikko Hotels International",www.okura.com/brand/nhi/,Travel
"Hyatt Hotels Corporation",hyatt.com/hyatt/index.jsp,Travel
"Hilton Garden Inn",hiltongardeninn3.hilton.com/en/index.html,Travel
"Links of London",www.linksoflondon.com,"Watches & Jewelry"
"Jaquet Droz",www.jaquet-droz.com/,"Watches & Jewelry"
"Vacheron Constantin",vacheron-constantin.com,"Watches & Jewelry"
"Van Cleef & Arpels",vancleefarpels.com,"Watches & Jewelry"
"Officine Panerai",panerai.com,"Watches & Jewelry"
Breguet,www.breguet.com/,"Watches & Jewelry"
Tissot,www.tissot.ch/,"Watches & Jewelry"
Hamilton,www.hamiltonwatch.com/,"Watches & Jewelry"
Zenith,www.zenith-watches.com/,"Watches & Jewelry"
Fred,www.fred.com/,"Watches & Jewelry"
"BALL Watch",www.ballwatch.com/,"Watches & Jewelry"
"Marco Bicego",www.marcobicego.com/,"Watches & Jewelry"
Graff,www.graffdiamonds.com/,"Watches & Jewelry"
Corum,www.corum.ch/,"Watches & Jewelry"
"Bell & Ross",www.bellross.com/,"Watches & Jewelry"
Pequignet,www.pequignet.com/,"Watches & Jewelry"
Ebel,www.ebel.com/,"Watches & Jewelry"
Tudor,www.tudorwatch.com/,"Watches & Jewelry"
"De Grisogono",degrisogono.com/,"Watches & Jewelry"
Milus,www.milus.com/,"Watches & Jewelry"
"Georg Jensen",www.georgjensen.com/,"Watches & Jewelry"
Vestal,www.vestalwatch.com/,"Watches & Jewelry"
Citizen,www.citizenwatch.com/,"Watches & Jewelry"
Nixon,www.nixon.com/,"Watches & Jewelry"
H.Stern,hstern.net,"Watches & Jewelry"
Fossil,fossil.com,"Watches & Jewelry"
Hublot,hublot.com,"Watches & Jewelry"
"Franck Muller",www.franckmuller.com/,"Watches & Jewelry"
"Tiffany & Co.",tiffany.com,"Watches & Jewelry"
"Audemars Piguet",www.audemarspiguet.com,"Watches & Jewelry"
Omega,omegawatches.com,"Watches & Jewelry"
"De Beers",www.debeers.com/,"Watches & Jewelry"
Pandora,pandora.net,"Watches & Jewelry"
Movado,movado.com,"Watches & Jewelry"
Baccarat,baccarat.com,"Watches & Jewelry"
Breitling,www.breitling.com/,"Watches & Jewelry"
Swarovski,www.swarovski.com,"Watches & Jewelry"
Montblanc,montblanc.com,"Watches & Jewelry"
Victorinox,www.victorinox.com/,"Watches & Jewelry"
Cartier,cartier.com,"Watches & Jewelry"
"A. Lange & Sohne",www.alange-soehne.com/,"Watches & Jewelry"
"Baume et Mercier ",baume-et-mercier.com,"Watches & Jewelry"
Buccellati,www.buccellati.com/,"Watches & Jewelry"
Bulgari,bulgari.com,"Watches & Jewelry"
Chopard,chopard.com,"Watches & Jewelry"
"David Yurman",davidyurman.com,"Watches & Jewelry"
Faberge,www.faberge.com,"Watches & Jewelry"
"Harry Winston",harrywinston.com,"Watches & Jewelry"
"Hearts on Fire Diamonds",www.heartsonfire.com/,"Watches & Jewelry"
Ippolita,www.ippolita.com/,"Watches & Jewelry"
"IWC Schaffhausen",iwc.com,"Watches & Jewelry"
Jaeger-LeCoultre,jaeger-lecoultre.com,"Watches & Jewelry"
Longines,longines.com,"Watches & Jewelry"
"Manufacture Roger Dubuis S.A.",www.rogerdubuis.com/,"Watches & Jewelry"
Mikimoto,www.mikimotoamerica.com/,"Watches & Jewelry"
"Glashutte Original",www.glashuette-original.com/,"Watches & Jewelry"
"Patek Philippe",patek.com,"Watches & Jewelry"
Piaget,piaget.com,"Watches & Jewelry"
"Raymond Weil",raymond-weil.com,"Watches & Jewelry"
"Tag Heuer",tagheuer.com,"Watches & Jewelry"
Rolex,rolex.com,"Watches & Jewelry"
JeanRichard,www.jeanrichard.com/,"Watches & Jewelry"
"Frederique Constant",www.frederique-constant.com/,"Watches & Jewelry"
Shinola,www.shinola.com/,"Watches & Jewelry"
Qeelin,www.qeelin.com/,"Watches & Jewelry"
Mido,www.midowatch.com/,"Watches & Jewelry"
Girard-Perregaux,www.girard-perregaux.com/,"Watches & Jewelry"
Certina,www.certina.com/,"Watches & Jewelry"
Rado,www.rado.com/,"Watches & Jewelry"
Chaumet,www.chaumet.com/,"Watches & Jewelry"
"Ulysse Nardin",www.ulysse-nardin.ch/,"Watches & Jewelry"
"Parmigiani Fleurier",www.parmigiani.ch/,"Watches & Jewelry"
"Luk Fook",www.lukfook.com/,"Watches & Jewelry"
Trollbeads,www.trollbeads.com/,"Watches & Jewelry"
Blancpain,www.blancpain.com,"Watches & Jewelry"
"Maurice Lacroix",www.mauricelacroix.com/,"Watches & Jewelry"
Boodles,www.boodles.com/,"Watches & Jewelry"
Pomellato,www.pomellato.com/,"Watches & Jewelry"
"Olya Shikhova",olyashikhova.com/,"Watches & Jewelry"
Oris,www.oris.ch/,"Watches & Jewelry"
"Shamballa Jewels",www.shamballajewels.com/,"Watches & Jewelry"
Secret,www.secret.com/,"Personal Care"
Arrid,www.arrid.com,"Personal Care"
"The Healing Garden",www.healinggarden.com/,"Personal Care"
Pampers,www.pampers.com/,"Personal Care"
"Johnson's Baby",www.johnsonsbaby.com/,"Personal Care"
Coast,www.coastsoap.com/,"Personal Care"
Tampax,www.tampax.com/en-us/home.aspx,"Personal Care"
"U by Kotex",www.ubykotex.com/,"Personal Care"
"Sunstar Gum",www.gumbrand.com/,"Personal Care"
Calgon,www.takemeaway.com/,"Personal Care"
Safeguard,www.safeguardsoap.com/,"Personal Care"
"Degree / Rexona",www.degreedeodorant.com/en/women/,"Personal Care"
Unilever,www.makinglifebetter.com/,"Personal Care"
Schick,www.schick.com/,"Personal Care"
Reach,www.reachfloss.com/,"Personal Care"
Vaseline,www.vaseline.us/,"Personal Care"
Jergens,www.jergens.com/,"Personal Care"
Henkel,www.henkel.com/,"Personal Care"
Lubriderm,www.lubriderm.com/,"Personal Care"
Gud,www.gudhappens.com/,"Personal Care"
ACT,www.actfluoride.com/,"Personal Care"
Kotex,www.kotex.com/,"Personal Care"
"Degree Men / Rexona Men",www.degreedeodorant.com/en/men/,"Personal Care"
Curel,www.curel.com/,"Personal Care"
Clarisonic,www.clarisonic.com/,"Personal Care"
"Summer's Eve",www.summerseve.com/,"Personal Care"
"Old Spice",www.oldspice.com/,"Personal Care"
Edge,www.edgeshave.com/,"Personal Care"
"Dry Idea",dryidea.com/,"Personal Care"
Nair,www.naircare.com/,"Personal Care"
Veet,www.veet.us/,"Personal Care"
Scope,www.scopemouthwash.com/,"Personal Care"
Aquafresh,www.aquafresh.com/,"Personal Care"
"Arm & Hammer",www.armandhammer.com/,"Personal Care"
Ban,www.feelbanfresh.com/,"Personal Care"
Pull-Ups,www.pull-ups.com/,"Personal Care"
Sure,www.suredeodorant.com/,"Personal Care"
Rembrandt,www.rembrandt.com/,"Personal Care"
Always,www.always.com/,"Personal Care"
Crest,www.crest.com/,"Personal Care"
"Dial For Men",dialformen.com/,"Personal Care"
Listerine,www.listerine.com/,"Personal Care"
"Dove Men+Care",www.dovemencare.com/,"Personal Care"
Braun,www.braun.com/,"Personal Care"
Playtex,www.playtexplayon.com/,"Personal Care"
Skintimate,www.skintimate.com,"Personal Care"
Colgate,www.colgate.com/,"Personal Care"
"Tom's of Maine",www.tomsofmaine.com/,"Personal Care"
Luvs,www.luvsdiapers.com/,"Personal Care"
Method,methodhome.com/,"Personal Care"
Oral-B,www.oralb.com/,"Personal Care"
Sensodyne,us.sensodyne.com/,"Personal Care"
Eucerin,www.eucerin.com/,"Personal Care"
"Right Guard",rightguard.com/,"Personal Care"
Febreze,www.febreze.com/,"Personal Care"
Huggies,www.huggies.com/,"Personal Care"
"Gold Bond",www.goldbond.com/,"Personal Care"
Barbasol,www.barbasol.com/,"Personal Care"
Mitchum,www.mitchum.com/,"Personal Care"
"Lady Speed Stick",www.colgate.com/app/Colgate/US/PC/TeenSpirit/HomePage.cvsp,"Personal Care"
Bic,www.bicworld.com/,"Personal Care"
Kleenex,www.kleenex.com/,"Personal Care"
Coppertone,www.coppertone.com/,"Personal Care"
"Banana Boat",www.bananaboat.com,"Personal Care"
Carefree,www.carefreeliners.com/,"Personal Care"
"Nivea For Men",www.niveaformenusa.com/,"Personal Care"
Toyota,www.toyota.com/,Automotive
Volkswagen,www.volkswagen.com/,Automotive
Rolls-Royce,www.rolls-roycemotorcars.com/,Automotive
Lamborghini,lamborghini.com,Automotive
Chrysler,www.chrysler.com/,Automotive
Fiat,www.fiat.com/,Automotive
Hyundai,www.hyundaiusa.com/,Automotive
Kia,www.kia.com/worldwide/,Automotive
Lexus,www.lexus.com/,Automotive
"Land Rover",www.landrover.com/us/en/lr/,Automotive
"Aston Martin",www.astonmartin.com/,Automotive
Mercedes-Benz,www5.mercedes-benz.com/,Automotive
Ferrari,ferrari.com,Automotive
Audi,www.audiusa.com/,Automotive
Infiniti,www.infiniti.com/,Automotive
Porsche,www.porsche.com/usa/,Automotive
Cadillac,www.cadillac.com/,Automotive
Acura,www.acura.com/,Automotive
Ford,www.ford.com/,Automotive
Honda,www.honda.com/,Automotive
Jaguar,www.jaguar.com/index.html,Automotive
Lotus,www.lotuscars.com/,Automotive
Maserati,www.maserati.com/,Automotive
"Renovo Motors",vimeo.com/renovomotors,Automotive
GMC,www.gmc.com/,Automotive
Dodge,www.dodge.com/,Automotive
RAM,www.ramtrucks.com/,Automotive
Tesla,www.teslamotors.com/,Automotive
Marussia,marussiamotors.ru/,Automotive
Chevrolet,www.chevrolet.com/,Automotive
Jeep,www.jeep.com/,Automotive
Bentley,www.bentleymotors.com/,Automotive
Subaru,www.subaru-global.com/,Automotive
Mazda,www.mazdausa.com/,Automotive
Nissan,www.nissanusa.com/,Automotive
"Richard Gasquet",www.richardgasquet.net/,Celebrity
"Roger Federer",www.rogerfederer.com/,Celebrity
"Serena Williams",serenawilliams.com/,Celebrity
"James Bond",www.007fragrances.com/,Celebrity
"Novak Djokovic",novakdjokovic.com/en/,Celebrity
"One Direction",www.onedirectionmusic.com/us/home/,Celebrity
"Sloane Stephens",sloanestephens.com/home/,Celebrity
"David Ferrer",www.davidferrer.com/,Celebrity
"Celine Dion",boutique.celinedion.com/en/,Celebrity
"Jessie J",www.jessiejofficial.com/,Celebrity
"Selena Gomez",selenagomez.com/,Celebrity
"Elizabeth Taylor",elizabethtaylor.com/,Celebrity
"jacks test brand edit",www.dailygalaxy.com,Celebrity
Patagonia,www.patagonia.com/,Sportswear
"Quiksilver ",www.quiksilver.com/,Sportswear
Reebok,www.reebok.com/,Sportswear
Saucony,www.saucony.com/,Sportswear
Teva,www.teva.com/,Sportswear
"The North Face",www.thenorthface.com/,Sportswear
Timberland,www.timberland.com/,Sportswear
Ugg,www.uggaustralia.com/,Sportswear
"Under Armour",www.uamtn.com/,Sportswear
Volcom,http://www.volcom.com/,Sportswear
Arc'teryx,www.arcteryx.com/,Sportswear
Athleta,www.athleta.com/,Sportswear
Billabong,www.billabong.com/,Sportswear
Brooks,www.brooksrunning.com/,Sportswear
Burton,www.burton.com/,Sportswear
"Vineyard Vines",vineyardvines.com,Sportswear
"Columbia Sportswear",www.columbia.com,Sportswear
Converse,www.converse.com/,Sportswear
Danskin,www.danskin.com/,Sportswear
Fila,www.fila.com/,Sportswear
Hurley,www.hurley.com/,Sportswear
L.L.Bean,www.llbean.com/,Sportswear
"New Balance",www.newbalance.com/,Sportswear
"Eddie Bauer",www.eddiebauer.com/,Sportswear
Merrell,www.merrell.com/,Sportswear
Mizuno,www.mizunousa.com/,Sportswear
Speedo,www.speedousa.com/home/index.jsp,Sportswear
"Speedo USA",www.speedousa.com/,Sportswear
Adidas,www.adidas.com/,Sportswear
Puma,www.puma.com/,Sportswear
"Golf Town",www.golftown.com,Sportswear
Nike,www.nike.com/,Sportswear
"Converse Japan",www.converse.co.jp/,Sportswear
Oakley,www.oakley.com/,Sportswear
Electric,www.electricvisual.com/,Sportswear
Fitbit,www.fitbit.com/,Sportswear
Nautica,www.nautica.com/home/index.jsp,Sportswear
"Mountain Equipment Co-op",www.mec.ca/,Sportswear
Cobra,www.cobragolf.com/,Sportswear
"Eastern Mountain Sports",www.ems.com/,Sportswear
Champion,www.championusa.com/,Sportswear
Tretorn,www.tretorn.com/,Sportswear
Endomondo,www.endomondo.com/,Sportswear
Hakle,www.hakle.de/,"Consumer Packaged Goods"
"Speed Stick",www.colgate.com/app/Speedstick/US/EN/HomePage.cvsp,"Consumer Packaged Goods"
"Campbell Soup Company",www.campbellsoupcompany.com/,"Consumer Packaged Goods"
Windex,www.windex.com/,"Consumer Packaged Goods"
Frosch,www.frosch.de/,"Consumer Packaged Goods"
"Febreze - Germany (inactive)",www.febreze.de/,"Consumer Packaged Goods"
Libman,www.libman.com/,"Consumer Packaged Goods"
Colhogar,www.colhogar.com/,"Consumer Packaged Goods"
Pledge,www.pledge.com/,"Consumer Packaged Goods"
"Thirst Pockets",www.thirstpockets.co.uk/,"Consumer Packaged Goods"
Tilex,www.tilex.com/,"Consumer Packaged Goods"
Oikos,www.oikosyogurt.com/,"Consumer Packaged Goods"
Rayovac,www.rayovac.com/,"Consumer Packaged Goods"
Dawn,www.dawn-dish.com/,"Consumer Packaged Goods"
Gain,www.ilovegain.com/,"Consumer Packaged Goods"
Nabisco,www.snackworks.com/,"Consumer Packaged Goods"
"Red Bull",www.redbull.com/en/,"Consumer Packaged Goods"
OxiClean,www.oxiclean.com,"Consumer Packaged Goods"
Snuggle,www.snuggle.com/,"Consumer Packaged Goods"
"SCA Group",www.sca.com/,"Consumer Packaged Goods"
"Cillit Bang",www.cillitbang.it/,"Consumer Packaged Goods"
Frito-Lay,www.fritolay.com/,"Consumer Packaged Goods"
"S.C. Johnson & Son",www.scjohnson.com/,"Consumer Packaged Goods"
Energizer,www.energizer.com/Pages/default.aspx,"Consumer Packaged Goods"
Maille,www.maille.com,"Consumer Packaged Goods"
Cheer,www.cheer.com/,"Consumer Packaged Goods"
"Formula 409",www.formula409.com/,"Consumer Packaged Goods"
Finish,www.finishdishwashing.com/,"Consumer Packaged Goods"
Resolve,www.powerofresolve.com/,"Consumer Packaged Goods"
"Monster Energy",www.monsterenergy.com/,"Consumer Packaged Goods"
"General Mills",www.generalmills.com/,"Consumer Packaged Goods"
Nestle,www.nestleusa.com/,"Consumer Packaged Goods"
Woolite,www.woolite.us/,"Consumer Packaged Goods"
Viva,www.vivatowels.com/,"Consumer Packaged Goods"
"Kellogg Company",www.kelloggcompany.com/en_US/home.html,"Consumer Packaged Goods"
"Prestige Brand Holdings",prestigebrandsinc.com/,"Consumer Packaged Goods"
"Energizer Holdings",www.energizerholdings.com/Pages/default.aspx,"Consumer Packaged Goods"
Lysol,www.lysol.com/,"Consumer Packaged Goods"
"Mr. Clean",www.mrclean.com/,"Consumer Packaged Goods"
Purex,www.purex.com/,"Consumer Packaged Goods"
"Hershey Co",www.thehersheycompany.com/,"Consumer Packaged Goods"
Eveready,www.eveready.com/,"Consumer Packaged Goods"
Charmin,www.charmin.com/,"Consumer Packaged Goods"
Ecover,us.ecover.com,"Consumer Packaged Goods"
Cottonelle,www.cottonelle.com/,"Consumer Packaged Goods"
Colgate-Palmolive,www.colgatepalmolive.com/app/Colgate/US/CompanyHomePage.cvsp,"Consumer Packaged Goods"
Clorox,www.clorox.com/,"Consumer Packaged Goods"
"Seventh Generation",www.seventhgeneration.com/,"Consumer Packaged Goods"
"Persil universe (Surf/Skip/OMO)",www.persil.fr/,"Consumer Packaged Goods"
PepsiCo,www.pepsico.com/,"Consumer Packaged Goods"
"Home Made Simple",www.pgeveryday.com/home-garden,"Consumer Packaged Goods"
Iams,www.iams.com/,"Consumer Packaged Goods"
Swiffer,www.swiffer.com/,"Consumer Packaged Goods"
Pine-Sol,www.pinesol.com/,"Consumer Packaged Goods"
Wisk,www.wisk.com/,"Consumer Packaged Goods"
"Danone Groupe",www.danone.com/en/,"Consumer Packaged Goods"
"Earth Friendly Products",www.ecos.com/,"Consumer Packaged Goods"
Duracell,www.duracell.com/,"Consumer Packaged Goods"
Rainett,www.rainett.fr/,"Consumer Packaged Goods"
Drano,www.drano.com/,"Consumer Packaged Goods"
Era,www.eradetergent.com/,"Consumer Packaged Goods"
"Mrs. Meyer's Clean Day",www.mrsmeyers.com/,"Consumer Packaged Goods"
Liquid-Plumr,www.liquidplumr.com/,"Consumer Packaged Goods"
"Hillshire Brands",www.hillshirebrands.com/,"Consumer Packaged Goods"
"Church & Dwight",www.churchdwight.com/,"Consumer Packaged Goods"
Renuzit,www.renuzit.com/,"Consumer Packaged Goods"
Mars,www.mars.com/global/index.aspx,"Consumer Packaged Goods"
Scott,www.scottbrand.com/,"Consumer Packaged Goods"
"Quilted Northern",www.quiltednorthern.com/,"Consumer Packaged Goods"
"Grupo Bimbo",www.grupobimbo.com/en/index.html,"Consumer Packaged Goods"
"Green Works",www.greenworkscleaners.com/,"Consumer Packaged Goods"
Daz,www.dazwhite.co.uk/,"Consumer Packaged Goods"
"Kraft Foods Group",www.kraftfoodsgroup.com/home/index.aspx,"Consumer Packaged Goods"
Zewa,www.zewa.de/,"Consumer Packaged Goods"
Comet,cometcleanser.com/,"Consumer Packaged Goods"
Cushelle,cushelle.com,"Consumer Packaged Goods"
"ConAgra Foods",www.conagrafoods.com/,"Consumer Packaged Goods"
"L'Arbre Vert",www.arbrevert.fr/,"Consumer Packaged Goods"
Loblaws,www.loblaws.ca/,"Consumer Packaged Goods"
Downy,www.downy.com/,"Consumer Packaged Goods"
Glade,www.glade.com/,"Consumer Packaged Goods"
Fabuloso,www.colgate.com/app/Colgate/US/HC/Products/HouseholdCleaners/Fabuloso.cvsp,"Consumer Packaged Goods"
Metro,www.metro.ca/home.en.html,"Consumer Packaged Goods"
"Future Shop",www.futureshop.ca/,Electronics
"The Source",www.thesource.ca/,Electronics
Panasonic,shop.panasonic.com/,Electronics
"Herbal Essences",us.herbalessences.com/en-US/hair-care,"Hair Care"
Clear,www.clearhaircare.com/,"Hair Care"
"Selsun Blue",www.selsunblue.com/,"Hair Care"
"Deva Curl",www.mydevacurl.com/,"Hair Care"
Avlon,www.avlon.com/,"Hair Care"
"TONI & GUY Hair Meet Wardrobe",www.hairmeetwardrobe.us/,"Hair Care"
Zotos,zotos.com/,"Hair Care"
Ouidad,www.ouidad.com/,"Hair Care"
"KMS California",www.kmscalifornia.com/,"Hair Care"
Alterna,www.alternahaircare.com/,"Hair Care"
SheaMoisture,www.sheamoisture.com/,"Hair Care"
Leon's,www.leons.ca,Cross-Sector
HEB,www.heb.com/index.jsp,Cross-Sector
"Home Hardware",www.homehardware.ca/en/index.htm,Cross-Sector
Staples,www.staples.com/,Cross-Sector
"London Drugs",www.londondrugs.com/,Cross-Sector
Lowe's,www.lowes.com,Cross-Sector
"The Brick",www1.thebrick.com,Cross-Sector
"Jean Coutu",www.jeancoutu.com/,Cross-Sector
Costco,www.costco.com/,Cross-Sector
Rexall,www.rexall.ca/,Cross-Sector
"Canadian Tire",www.canadiantire.ca/en.html,Cross-Sector
"Quaker Oats",www.quakeroats.com/home.aspx,Food
Fritos,www.fritolay.com/our-snacks/fritos.html,Food
Doritos,www.fritolay.com/our-snacks/doritos.html,Food
M&M's,www.mms.com/,Food
Oreo,www.oreo.com/default.aspx,Food
"Little Debbie",www.littledebbie.com/,Food
Coffee-mate,www.coffee-mate.com/default.aspx?AspxAutoDetectCookieSupport=1,Food
Barilla,www.barilla.com/,Food
Knorr,www.knorr.com/,Food
Keebler,www.keebler.com/,Food
Heinz,www.heinzketchup.com/,Food
Thomas,www.thomasbagels.com/,Food
"Birds Eye",www.birdseye.com/,Food
"Clif Bar",www.clifbar.com/,Food
"Del Monte",www.delmonte.com/,Food
"Hillshire Farm",www.hillshirefarm.com/,Food
Similac,similac.com/,Food
"Ben & Jerry's",www.benjerry.com/,Food
Banquet,www.banquet.com/,Food
Progresso,progresso.com/,Food
"Fresh Express",www.freshexpress.com/,Food
"Green Giant",greengiant.com/,Food
Lipton,www.liptontea.com/,Food
Cheetos,www.fritolay.com/our-snacks/cheetos.html,Food
Pringles,www.pringles.com/en_US/home.html,Food
Campbell's,www.campbellskitchen.com/,Food
Magnum,www.magnumicecream.com/,Food
"Marie Callender's",www.mariecallendersmeals.com/,Food
"Horizon Organic",www.horizondairy.com/,Food
Entenmann's,www.entenmanns.com/,Food
Breyers,www.breyers.com/,Food
Hormel,www.hormel.com/,Food
Danone,www.dannon.com/,Food
Gerber,www.gerber.com,Food
Lays,www.fritolay.com/snacks/product-page/lays,Food
DiGiorno,www.digiorno.com/,Food
Planters,planters.com/,Food
"Hot Pockets",www.hotpockets.com/,Food
Stouffer's,www.stouffers.com/,Food
Snickers,www.snickers.com/,Food
Enfamil,www.enfamil.com,Food
Johnsonville,www.johnsonville.com/home.html,Food
Ragu,www.ragu.com/,Food
Hellmann's,www.hellmanns.com/,Food
Hershey's,www.hersheys.com/,Food
Ruffles,www.fritolay.com/our-snacks/ruffles.html,Food
Dole,www.dole.com,Food
Chobani,chobani.com/home,Food
"Earth's Best",www.earthsbest.com/,Food
"Earthbound Farm",www.ebfarm.com/,Food
Kellogg's,www.kelloggs.com/en_US/home.html,Food
Reese's,www.hersheys.com/reeses/,Food
"Nature's Own",www.naturesownbread.com/,Food
Dreyer's/Edy's,www.dreyers.com/,Food
Pillsbury,www.pillsbury.com/,Food
"Stonyfield Farms",www.stonyfield.com/,Food
"Weight Watchers",www.weightwatchers.com/,Food
"Jimmy Dean",www.jimmydean.com/,Food
Yoplait,www.yoplait.com/,Food
"Nature Valley",www.naturevalley.com/,Food
Kraft,www.kraftrecipes.com/home.aspx,Food
McCormick,www.mccormick.com/,Food
Philadelphia,www.kraftrecipes.com/philadelphia/default.aspx,Food
"Jack Link's",www.jacklinks.com/,Food
"Land O'Lakes",www.landolakes.com/,Food
Cheerios,www.cheerios.com/,Food
Kashi,www.kashi.com/,Food
"Amy's Kitchen",www.amys.com/,Food
Wrigley's,www.wrigley.com/global/index.aspx,Food
Cheez-It,www.cheez-it.com/,Food
Haagen-Dazs,www.haagendazs.com/,Food
Tostitos,http://www.fritolay.com/snacks/product-page/tostitos,Food
Totino's,www.totinos.com/,Food
KitKat,www.hersheys.com/kitkat/default.aspx,Food
"Pepperidge Farm",www.pepperidgefarm.com/,Food
Velveeta,www.kraftrecipes.com/Products/velveeta-hub.aspx,Food
Post,www.postfoods.com/,Food
Sargento,www.sargento.com/,Food
"Betty Crocker",www.bettycrocker.com/,Food
Tyson,www.tyson.com/,Food
"Oscar Mayer",www.kraftbrands.com/oscarmayer/,Food
"Sinful Colors",www.sinfulcolors.com/,"Beauty & Skincare"
"Dr. Brandt",www.drbrandtskincare.com/,"Beauty & Skincare"
"Maybelline New York",maybelline.com,"Beauty & Skincare"
"Yves Saint Laurent Beauty",yslbeautyus.com,"Beauty & Skincare"
Aveda,Aveda.com,"Beauty & Skincare"
Clinique,clinique.com,"Beauty & Skincare"
"Elizabeth Arden",ElizabethArden.com,"Beauty & Skincare"
"Estee Lauder",esteelauder.com,"Beauty & Skincare"
"L'OCCITANE en Provence",usa.loccitane.com,"Beauty & Skincare"
Origins,www.origins.com/index.tmpl,"Beauty & Skincare"
SK-II,www.sk-ii.com/,"Beauty & Skincare"
Nivea,niveausa.com,"Beauty & Skincare"
"Bumble and Bumble",www.bumbleandbumble.com/,"Beauty & Skincare"
"Carol's Daughter",carolsdaughter.com,"Beauty & Skincare"
Philosophy,philosophy.com,"Beauty & Skincare"
"Rimmel London",us.rimmellondon.com,"Beauty & Skincare"
Cetaphil,cetaphil.com,"Beauty & Skincare"
Proactiv,proactiv.com,"Beauty & Skincare"
Aveeno,www.aveeno.com/,"Beauty & Skincare"
Garnier,garnierusa.com,"Beauty & Skincare"
"Giorgio Armani Beauty",giorgioarmanibeauty-usa.com,"Beauty & Skincare"
"Helena Rubinstein",www.helenarubinstein.com/fr/,"Beauty & Skincare"
Kerastase,www.kerastase-usa.com/,"Beauty & Skincare"
"L'Oreal Paris",www.lorealparisusa.com/,"Beauty & Skincare"
"La Roche-Posay",laroche-posay.us,"Beauty & Skincare"
Matrix,www.matrix.com/,"Beauty & Skincare"
Mizani,www.mizani.com/,"Beauty & Skincare"
Redken,www.redken.com/,"Beauty & Skincare"
"La Prairie",www.laprairie.com/,"Beauty & Skincare"
OPI,opi.com,"Beauty & Skincare"
"Sally Hansen",sallyhansen.com/,"Beauty & Skincare"
Essie,essie.com,"Beauty & Skincare"
"Laura Mercier",www.lauramercier.com,"Beauty & Skincare"
"NARS Cosmetics",narscosmetics.com,"Beauty & Skincare"
"MAC Cosmetics",maccosmetics.com,"Beauty & Skincare"
Skinceuticals,skinceuticals.com,"Beauty & Skincare"
Softsheen-Carson,www.softsheen-carson.com/,"Beauty & Skincare"
Vichy,vichyusa.com,"Beauty & Skincare"
Fresh,fresh.com,"Beauty & Skincare"
"Make Up For Ever",makeupforever.com,"Beauty & Skincare"
"Mary Kay",marykay.com,"Beauty & Skincare"
Murad,www.murad.com/,"Beauty & Skincare"
"Perricone MD",perriconemd.com,"Beauty & Skincare"
CoverGirl,covergirl.com,"Beauty & Skincare"
Olay,www.olay.com/,"Beauty & Skincare"
"Paul Mitchell",www.paulmitchell.com/,"Beauty & Skincare"
"Alberto VO5",www.vo5haircare.com/,"Beauty & Skincare"
"American Crew",www.americancrew.com/,"Beauty & Skincare"
Aussie,www.aussie.com/,"Beauty & Skincare"
"Catwalk by TIGI",www.catwalkbytigi.com/,"Beauty & Skincare"
"Clairol Professional",www.clairolprofessional.com/,"Beauty & Skincare"
Finesse,www.finessehaircare.com/,"Beauty & Skincare"
Fekkai,www.fekkai.com/,"Beauty & Skincare"
Almay,almay.com,"Beauty & Skincare"
got2b,www.got2b.us/got2b/us/en/home.html,"Beauty & Skincare"
"Head & Shoulders",www.headandshoulders.com/en-US/,"Beauty & Skincare"
"John Frieda",www.johnfrieda.com/en-US/Home,"Beauty & Skincare"
"Just For Men",www.justformen.com/,"Beauty & Skincare"
"Living Proof",www.livingproof.com/,"Beauty & Skincare"
Moroccanoil,www.moroccanoil.com/usa/h_us_en,"Beauty & Skincare"
Clairol,www.clairol.com/,"Beauty & Skincare"
Nioxin,nioxin.com/,"Beauty & Skincare"
Revlon,www.revlon.com/,"Beauty & Skincare"
Organix,www.organixhair.com/,"Beauty & Skincare"
"Pert Plus",www.pertplus.com/,"Beauty & Skincare"
Pureology,www.pureology.com/,"Beauty & Skincare"
Schwarzkopf,www.schwarzkopf-professional.com/,"Beauty & Skincare"
"Sebastian Professional",www.sebastianprofessional.com/,"Beauty & Skincare"
"Shu Uemura Art of Hair",www.shuuemuraartofhair-usa.com/,"Beauty & Skincare"
"TIGI Bed Head",www.bedhead.com/,"Beauty & Skincare"
"Bare Escentuals",bareminerals.com,"Beauty & Skincare"
Wen,www.wen.com/,"Beauty & Skincare"
JOICO,www.joico.com/,"Beauty & Skincare"
"Burt's Bees",www.burtsbees.com/,"Beauty & Skincare"
"La Mer",cremedelamer.com,"Beauty & Skincare"
Pravana,www.pravana.com/,"Beauty & Skincare"
Ojon,www.ojon.com/,"Beauty & Skincare"
Avon,avon.com,"Beauty & Skincare"
Rogaine/Regaine,www.rogaine.com/,"Beauty & Skincare"
Caress,www.caressskin.com/,"Beauty & Skincare"
Motions,www.motionshair.com/,"Beauty & Skincare"
"Trish McEvoy",trishmcevoy.com,"Beauty & Skincare"
"Urban Decay",urbandecay.com,"Beauty & Skincare"
"Vidal Sassoon",www.vidalsassoon.com/,"Beauty & Skincare"
"Lever 2000",www.lever2000.com/,"Beauty & Skincare"
Q-Tips,www.qtips.com/,"Beauty & Skincare"
"Irish Spring",www.colgate.com/app/IrishSpring/US/EN/Products/Deodorant.cvsp,"Beauty & Skincare"
Zest,www.zest.com/,"Beauty & Skincare"
Softsoap,www.colgate.com/app/Softsoap/US/EN/Liquid-Hand-Soap.cvsp,"Beauty & Skincare"
Ivory,ivory.com/,"Beauty & Skincare"
Dial,www.dialsoap.com/,"Beauty & Skincare"
Tone,www.toneskincare.com/,"Beauty & Skincare"
StriVectin,strivectin.com/,"Beauty & Skincare"
Guerlain,www.guerlain.com/us/en-us,"Beauty & Skincare"
"Jo Malone",www.jomalone.com/,"Beauty & Skincare"
"Marc Jacobs Fragrance",marcjacobsfragrances.com,"Beauty & Skincare"
"Paris Hilton Fragrance",perfumesbyparis.com/,"Beauty & Skincare"
Neutrogena,www.neutrogena.com/,"Beauty & Skincare"
Pantene,www.pantene.com/,"Beauty & Skincare"
Clarins,clarinsusa.com,"Beauty & Skincare"
Kiehl's,www.kiehls.com,"Beauty & Skincare"
"Benefit Cosmetics",benefitcosmetics.com,"Beauty & Skincare"
Dermalogica,www.dermalogica.com/,"Beauty & Skincare"
Avene,www.aveneusa.com/,"Beauty & Skincare"
"Bobbi Brown",bobbibrowncosmetics.com,"Beauty & Skincare"
"Celine Dion Fragrances",www.celinedionbeauty.com/,"Beauty & Skincare"
"Collection Cosmetics",www.collectioncosmetics.co.uk/,"Beauty & Skincare"
Lancome,lancome-usa.com,"Beauty & Skincare"
Axe/Lynx,www.theaxeeffect.com/,"Beauty & Skincare"
Dove,dove.us,"Beauty & Skincare"
Nexxus,www.nexxus.com/,"Beauty & Skincare"
Pond's,www.ponds.com/,"Beauty & Skincare"
Simple,www.simpleskincare.com/,"Beauty & Skincare"
"St. Ives",www.stives.com/,"Beauty & Skincare"
Suave,www.suave.com/,"Beauty & Skincare"
TRESemme,www.tresemme.com/,"Beauty & Skincare"
Shiseido,www.shiseido.com,"Beauty & Skincare"
"Smashbox Cosmetics",www.smashbox.com,"Beauty & Skincare"
"New York Color",newyorkcolor.com/,"Beauty & Skincare"
Labello,int.labello.com/,"Beauty & Skincare"
Catrice,www.catrice.eu/en/home.html,"Beauty & Skincare"
Weleda,www.weleda.fr/,"Beauty & Skincare"
"Dr. Miracle's",www.drmiracles.com/,"Beauty & Skincare"
Galenic,www.galenic.com/,"Beauty & Skincare"
"Cera di Cupra",www.ceradicupra.it/,"Beauty & Skincare"
"Marc Jacobs Beauty",www.marcjacobsbeauty.com/,"Beauty & Skincare"
"Calvin Klein Fragrance",www.calvinklein.com/,"Beauty & Skincare"
"Clean & Clear",www.cleanandclear.com/,"Beauty & Skincare"
"Emanuel Ungaro",www.ungaro.com/#/home,"Beauty & Skincare"
"Physician's Formula",www.physiciansformula.com/en-us/default.html,"Beauty & Skincare"
Tarte,tartecosmetics.com/,"Beauty & Skincare"
"e.l.f. Cosmetics",www.eyeslipsface.com/,"Beauty & Skincare"
Collistar,www.collistar.com/index.asp,"Beauty & Skincare"
Florena,www.florena.de/,"Beauty & Skincare"
"Gillette Venus",www.gillettevenus.com/,"Beauty & Skincare"
"Miss Jessie's",missjessies.com/,"Beauty & Skincare"
Dermablend,www.dermablend.com/,"Beauty & Skincare"
"Lady Gaga Fragrances",www.hauslaboratories.com/fame,"Beauty & Skincare"
"Puma Fragrances",www.puma-fragrances.com/,"Beauty & Skincare"
Hormocenta,www.hormocenta-kosmetik.de/,"Beauty & Skincare"
"Dunhill Fragrances",www.dunhillfragrances.com/,"Beauty & Skincare"
"Elizabeth Taylor Fragrances",www.elizabethtaylorbeauty.com/,"Beauty & Skincare"
e45,www.e45.co.uk/,"Beauty & Skincare"
Artistry,artistry.com/,"Beauty & Skincare"
Caudalie,us.caudalie.com/,"Beauty & Skincare"
Biore,www.biore.com/en-US/biore-skincare,"Beauty & Skincare"
Gillette,www.gillette.com/,"Beauty & Skincare"
"Wet 'n' Wild",wnwbeauty.com/,"Beauty & Skincare"
Carita,www.caritadirect.com/,"Beauty & Skincare"
"Scorpio Parfums",www.scorpio-parfums.fr/,"Beauty & Skincare"
Sisley,www.sisley-cosmetics.com/us-en/,"Beauty & Skincare"
ORS,www.orshaircare.com/,"Beauty & Skincare"
"em Cosmetics",www.emcosmetics.com/,"Beauty & Skincare"
"Createurs de beaute",www.ccbparis.fr/,"Beauty & Skincare"
"Vera Wang Fragrances",www.verawangfragrances.com/,"Beauty & Skincare"
Phyto,www.phyto-usa.com/,"Beauty & Skincare"
Manhattan,www.manhattan.de/,"Beauty & Skincare"
Deborah,www.deborahmilano.com/it/,"Beauty & Skincare"
"L.K. Bennett",lkbennett.com,Fashion
"Sergio Rossi",sergiorossi.com,Fashion
"Viktor & Rolf",www.viktor-rolf.com/,Fashion
Theory,theory.com,Fashion
Tod's,tods.com,Fashion
Givenchy,givenchy.com,Fashion
Versace,versace.com,Fashion
"Jean Paul Gaultier",www.jeanpaulgaultier.com/,Fashion
Celine,celine.com,Fashion
"Emilio Pucci",emiliopucci.com,Fashion
"Ralph Lauren",ralphlauren.com,Fashion
Dior,dior.com,Fashion
"Reinaldo Lourenco",reinaldolourenco.com,Fashion
"Pedro Lourenco",www.pedrolourenco.com,Fashion
"Gloria Coelho",gloriacoelho.com.br,Fashion
"Tom Ford",tomford.com,Fashion
"Tommy Hilfiger",usa.tommy.com,Fashion
Balenciaga,balenciaga.com,Fashion
Burberry,burberry.com,Fashion
"Carolina Herrera",www.carolinaherrera.com/,Fashion
"Dolce & Gabbana",dolcegabbana.com,Fashion
"Donna Karan",donnakaran.com,Fashion
"Jil Sander",jilsander.com,Fashion
"Nina Ricci",www.ninaricci.com/en-US/,Fashion
"Yves Saint Laurent",ysl.com,Fashion
"Marc Jacobs",marcjacobs.com,Fashion
Missoni,missoni.com,Fashion
"Tory Burch",toryburch.com,Fashion
Longchamp,longchamp.com,Fashion
Fendi,fendi.com,Fashion
"Alexander McQueen",www.alexandermcqueen.com,Fashion
"Kate Spade",katespade.com,Fashion
"Ted Baker",tedbaker.com,Fashion
"Calvin Klein",calvinklein.com,Fashion
Valentino,valentino.com,Fashion
"Hugo Boss",hugoboss.com,Fashion
"Badgley Mischka",badgleymischka.com,Fashion
DKNY,dkny.com,Fashion
"Ermenegildo Zegna",zegna.com,Fashion
"Stella McCartney",stellamccartney.com,Fashion
"Diane von Furstenberg",dvf.com,Fashion
Capodarte,capodarte.com.br,Fashion
"Paul Smith",paulsmith.co.uk,Fashion
"Vivienne Westwood",www.viviennewestwood.com/,Fashion
"Maria Bonita",mariabonita.com.br,Fashion
"Jimmy Choo",jimmychoo.com,Fashion
"Cole Haan",colehaan.com,Fashion
Coach,coach.com,Fashion
"Carlos Miele",www.carlosmiele.com.br/,Fashion
Corello,corello.com.br,Fashion
"Christian Louboutin",christianlouboutin.com,Fashion
"Louis Vuitton",louisvuitton.com,Fashion
Gucci,gucci.com,Fashion
"Giorgio Armani",Armani.com,Fashion
"Filhas de Gaia",filhasdegaia.com.br,Fashion
Chloe,chloe.com,Fashion
"Alfred Dunhill",www.dunhill.com,Fashion
Forum,forum.com.br,Fashion
"Perry Ellis",www.perryellis.com/,Fashion
"Huis Clos",huisclos.com.br,Fashion
Bally,bally.com,Fashion
Belstaff,belstaff.com,Fashion
"Bottega Veneta",www.bottegaveneta.com/,Fashion
"Catherine Malandrino",catherinemalandrino.com,Fashion
Chanel,chanel.com,Fashion
"Derek Lam",dereklam.com,Fashion
Thelure,www.thelure.com.br,Fashion
"Tufi Duek",www.tufiduek.com.br,Fashion
Escada,escada.com,Fashion
Etro,www.etro.com,Fashion
"James Perse",www.jamesperse.com/index.jsp,Fashion
Hermes,hermes.com,Fashion
"John Lobb",www.johnlobb.com,Fashion
"John Varvatos",johnvarvatos.com,Fashion
"Helmut Lang",www.helmutlang.com/,Fashion
"La Perla",www.laperla.com,Fashion
Lancel,lancel.com,Fashion
Lanvin,lanvin.com,Fashion
"Max Mara",maxmara.com,Fashion
"Michael Kors",www.michaelkors.com,Fashion
Moncler,www.moncler.com/,Fashion
Mulberry,mulberry.com,Fashion
"Oscar de la Renta",www.oscardelarenta.com/,Fashion
Prada,prada.com,Fashion
"Roberto Cavalli",robertocavalli.com,Fashion
"Salvatore Ferragamo",ferragamo.com,Fashion
Salinas,salinascompras.com.br,Fashion
"Loro Piana",www.loropiana.com/,Fashion
"Kiki de Montparnasse",kikidm.com,Fashion
"Alice + Olivia",aliceandolivia.com,Fashion
Chapurin,www.chapurin.ru/,Fashion
Goyard,goyard.com,Fashion
Vince,www.vince.com,Fashion
"Reed Krakoff",www.reedkrakoff.com/,Fashion
Joop!,joop.com/de/de/,Fashion
"Rebecca Taylor",www.rebeccataylor.com/,Fashion
"Rebecca Minkoff",rebeccaminkoff.com,Fashion
"Vera Wang",www.verawang.com/,Fashion
"Eileen Fisher",www.eileenfisher.com/,Fashion
Loewe,www.perfumesloewe.com/,Fashion
Richards,richards.com.br,Fashion
Church,church-footwear.com,Fashion
Tibi,www.tibi.com/,Fashion
"Canada Goose",www.canada-goose.com/,Fashion
"Comme Des Garcons",comme-des-garcons.com,Fashion
Zagliani,zagliani.it,Fashion
"Elie Tahari",www.elietahari.com/,Fashion
"Maria Golubeva",www.maria-golubeva.com/,Fashion
"Denis Simachev",www.denissimachev.com/,Fashion
"Miu Miu",miumiu.com,Fashion
"Manolo Blahnik",www.manoloblahnik.com,Fashion
Squarespace,www.squarespace.com,Marketing/Advertising/Tech
Intuit,www.intuit.com/,Marketing/Advertising/Tech
Bloglovin,www.bloglovin.com/,Media
"Century 21",c21stores.com,Other
"Go Daddy",godaddy.com,Other
WeatherTech,www.weathertech.com/,Other
Ray-Ban,www.ray-ban.com,Other
"MyFitnessPal Application",www.myfitnesspal.com,Other
Rihanna,www.rihannanow.com/rihanna-now/,Other
"Being Girl",www.beinggirl.com/,Other
"Katy Perry",www.katyperry.com/,Other
Moleskine,www.moleskine.com/,Other
Turbotax,turbotax.intuit.com/,Other
