brand_name,url_string
UNMATCHED,UNMATCHED
Fairfield Inn & Suites,www.marriott.com/fairfield-inn/travel.mi
L.K. Bennett,lkbennett.com
Hakle,www.hakle.de/
Honey Brown,www.honeybrownlager.com/#
Quaker Oats,www.quakeroats.com/home.aspx
Secret,www.secret.com/
Arrid,www.arrid.com
Jaquet Droz,www.jaquet-droz.com/
Fritos,www.fritolay.com/our-snacks/fritos.html
Sinful Colors,www.sinfulcolors.com/
Jumeirah,jumeirah.com
Waldorf-Astoria Hotels & Resorts,waldorfastoria3.hilton.com/en/index.html
Sergio Rossi,sergiorossi.com
Dr. Brandt,www.drbrandtskincare.com/
Maybelline New York,maybelline.com
Viktor & Rolf,www.viktor-rolf.com/
Theory,theory.com
Thomas Pink,thomaspink.com
Yves Saint Laurent Beauty,yslbeautyus.com
Tod's,tods.com
Bath & Body Works,bathandbodyworks.com
Toyota,www.toyota.com/
Lush,lush.com
Vacheron Constantin,vacheron-constantin.com
Givenchy,givenchy.com
Van Cleef & Arpels,vancleefarpels.com
Versace,versace.com
Aveda,Aveda.com
Volkswagen,www.volkswagen.com/
Clinique,clinique.com
Williams-Sonoma,williams-sonoma.com
Elizabeth Arden,ElizabethArden.com
YOOX,yoox.com
Zales,zales.com
Estee Lauder,esteelauder.com
Zara,zara.com
L'OCCITANE en Provence,usa.loccitane.com
Origins,www.origins.com/index.tmpl
Daslu,daslu.com.br
SK-II,www.sk-ii.com/
Harvey Nichols,harveynichols.com
Marks & Spencer,marksandspencer.com
American Eagle Outfitters,ae.com
American Apparel,americanapparel.net
BCBG Max Azria,bcbg.com
Express,express.com
Gap,gap.com
Guess,shop.guess.com
Officine Panerai,panerai.com
Nine West,ninewest.com
Steve Madden,stevemadden.com
Tumi,tumi.com
Jean Paul Gaultier,www.jeanpaulgaultier.com/
Tourneau,www.tourneau.com/
H&M,hm.com
Uniqlo,uniqlo.com
Aeropostale,aeropostale.com
Nivea,niveausa.com
J.Crew,jcrew.com
JCPenney,www.jcpenney.com
Patagonia,www.patagonia.com/
Quiksilver ,www.quiksilver.com/
Reebok,www.reebok.com/
Saucony,www.saucony.com/
Bumble and Bumble,www.bumbleandbumble.com/
Teva,www.teva.com/
The North Face,www.thenorthface.com/
Timberland,www.timberland.com/
Ugg,www.uggaustralia.com/
Under Armour,www.uamtn.com/
Vans,www.vans.com/
Volcom,www.volcom.com/
Arc'teryx,www.arcteryx.com/
Carol's Daughter,carolsdaughter.com
Athleta,www.athleta.com/
Billabong,www.billabong.com/
Brooks,www.brooksrunning.com/
Burton,www.burton.com/
Vineyard Vines,vineyardvines.com
Columbia Sportswear,www.columbia.com
Converse,www.converse.com/
Danskin,www.danskin.com/
Fila,www.fila.com/
Philosophy,philosophy.com
Hurley,www.hurley.com/
L.L.Bean,www.llbean.com/
New Balance,www.newbalance.com/
Eddie Bauer,www.eddiebauer.com/
Merrell,www.merrell.com/
Mizuno,www.mizunousa.com/
Rimmel London,us.rimmellondon.com
Speedo,www.speedousa.com/home/index.jsp
Speedo USA,www.speedousa.com/
Godiva Chocolatier,godiva.com
Talbots,talbots.com
Conrad Hotels & Resorts,conradhotels3.hilton.com
InterContinental Hotels & Resorts,intercontinental.com
Marriott Hotels,www.marriott.com/marriott-hotels-resorts/travel.mi
Cetaphil,cetaphil.com
St. Regis Hotels & Resorts,starwoodhotels.com/stregis/index.html
Swissotel Hotels & Resorts,www.swissotel.com/
Celine,celine.com
Emilio Pucci,emiliopucci.com
Breguet,www.breguet.com/
Tissot,www.tissot.ch/
Hamilton,www.hamiltonwatch.com/
Fred,www.fred.com/
Graff,www.graffdiamonds.com/
Proactiv,proactiv.com
Corum,www.corum.ch/
Bell & Ross,www.bellross.com/
Pequignet,www.pequignet.com/
Ebel,www.ebel.com/
Tudor,www.tudorwatch.com/
De Grisogono,degrisogono.com/
Rolls-Royce,www.rolls-roycemotorcars.com/
Georg Jensen,www.georgjensen.com/
Vestal,www.vestalwatch.com/
Citizen,www.citizenwatch.com/
Nixon,www.nixon.com/
Days Inn,www.daysinn.com/
Super 8,www.super8.com/
Aveeno,www.aveeno.com/
Garnier,garnierusa.com
Giorgio Armani Beauty,giorgioarmanibeauty-usa.com
Helena Rubinstein,www.helenarubinstein.com/fr/
Richard Gasquet,www.richardgasquet.net/
Roger Federer,www.rogerfederer.com/
H.Stern,hstern.net
Kerastase,www.kerastase-usa.com/
L'Oreal Paris,www.lorealparisusa.com/
La Roche-Posay,laroche-posay.us
Matrix,www.matrix.com/
Mizani,www.mizani.com/
Serena Williams,serenawilliams.com/
Ralph Lauren,ralphlauren.com
Redken,www.redken.com/
La Prairie,www.laprairie.com/
OPI,opi.com
Sally Hansen,sallyhansen.com/
Essie,essie.com
Laura Mercier,lauramercier.com
NARS Cosmetics,narscosmetics.com
MAC Cosmetics,maccosmetics.com
Skinceuticals,skinceuticals.com
Courvoisier,courvoisier.com
Softsheen-Carson,www.softsheen-carson.com/
The Body Shop,thebodyshop-usa.com
Bombay Sapphire,www.bombaysapphire.com/
Beefeater,www.beefeatergin.com/
Vichy,vichyusa.com
Fresh,fresh.com
Make Up For Ever,makeupforever.com
Free People,freepeople.com
Forever 21,www.forever21.com/Product/Main.aspx?br=f21
Rag & Bone,rag-bone.com/
James Bond,www.007fragrances.com/
Mary Kay,marykay.com
Bud Light,www.budlight.com/
Budweiser,www.budweiser.com/
Corona,www.coronaextra.co.uk
Heineken,www.heineken.com/
Coors Light,coorslight.com/
Miller Lite,www.millerlite.com/
Murad,www.murad.com/
Stella Artois,www.stellaartois.com/
Perricone MD,perriconemd.com
Dorchester Collection,www.dorchestercollection.com/
Dream Hotels,www.dreamhotels.com/
CoverGirl,covergirl.com
Radisson,www.radisson.com/
Wyndham Hotels and Resorts,www.wyndham.com/
Olay,www.olay.com/
Fossil,fossil.com
Paul Mitchell,www.paulmitchell.com/
Alberto VO5,www.vo5haircare.com/
American Crew,www.americancrew.com/
Aussie,www.aussie.com/
Catwalk by TIGI,www.catwalkbytigi.com/
Clairol Professional,www.clairolprofessional.com/
Finesse,www.finessehaircare.com/
Fekkai,www.fekkai.com/
Almay,almay.com
got2b,www.got2b.us/got2b/us/en/home.html
Head & Shoulders,www.headandshoulders.com/en-US/
Herbal Essences,us.herbalessences.com/en-US/hair-care
John Frieda,www.johnfrieda.com/en-US/Home
Just For Men,www.justformen.com/
Living Proof,www.livingproof.com/
Moroccanoil,www.moroccanoil.com/usa/h_us_en
Clairol,www.clairol.com/
Nioxin,nioxin.com/
Revlon,www.revlon.com/
Organix,www.organixhair.com/
Pert Plus,www.pertplus.com/
Pureology,www.pureology.com/
Schwarzkopf,www.schwarzkopf-professional.com/
Sebastian Professional,www.sebastianprofessional.com/
Shu Uemura Art of Hair,www.shuuemuraartofhair-usa.com/
TIGI Bed Head,www.bedhead.com/
Bare Escentuals,bareminerals.com
Wen,www.wen.com/
JOICO,www.joico.com/
Labatt Blue,www.labattus.com/
Leinenkugel Original Premium,leinie.com/
Molson Canadian,www.molsoncanadian.ca/en/Index.aspx
Burt's Bees,www.burtsbees.com/
Natural Light,naturallight.com/
Rolling Rock,doingourthing.com/
Samuel Adams,www.samueladams.com/
Shiner Bock,www.shiner.com/
Sierra Nevada,www.sierranevada.com/
La Mer,cremedelamer.com
Widmer,widmerbrothers.com/
Blue Moon Beer,bluemoonbrewingcompany.com
Coors,www.coors.com/
Dos Equis,dosequis.com/
New Belgium,www.newbelgium.com/Home.aspx
Guinness,www.guinness.com/
Pravana,www.pravana.com/
Dior,dior.com
Ojon,www.ojon.com/
Reinaldo Lourenco,reinaldolourenco.com
Pedro Lourenco,www.pedrolourenco.com
Gloria Coelho,gloriacoelho.com.br
Avon,avon.com
Rogaine/Regaine,www.rogaine.com/
Caress,www.caressskin.com/
Motions,www.motionshair.com/
Tom Ford,tomford.com
Lamborghini,lamborghini.com
Best Buy,www.bestbuy.com
Tommy Hilfiger,tommy.com
Century 21,c21stores.com
Chrysler,www.chrysler.com/
Fiat,www.fiat.com/
Go Daddy,godaddy.com
Hyundai,www.hyundaiusa.com/
Kia,www.kia.com/worldwide/
Trish McEvoy,trishmcevoy.com
Doritos,www.fritolay.com/our-snacks/doritos.html
M&M's,www.mms.com/
Urban Decay,urbandecay.com
Oreo,www.oreo.com/default.aspx
Speed Stick,www.colgate.com/app/Speedstick/US/EN/HomePage.cvsp
Adidas,www.adidas.com/
Balenciaga,balenciaga.com
Burberry,burberry.com
Carolina Herrera,www.carolinaherrera.com/
Diesel,diesel.com
Vidal Sassoon,www.vidalsassoon.com/
Lever 2000,www.lever2000.com/
Q-Tips,www.qtips.com/
Irish Spring,www.colgate.com/app/IrishSpring/US/EN/Products/Deodorant.cvsp
Zest,www.zest.com/
Softsoap,www.colgate.com/app/Softsoap/US/EN/Liquid-Hand-Soap.cvsp
Ivory,ivory.com/
Dial,www.dialsoap.com/
Tone,www.toneskincare.com/
Dolce & Gabbana,dolcegabbana.com
Donna Karan,donnakaran.com
StriVectin,strivectin.com/
Guerlain,www.guerlain.com/us/en-us
Jil Sander,jilsander.com
Jo Malone,www.jomalone.com/
Lacoste,lacoste.com
Campbell Soup Company,www.campbellsoupcompany.com/
The Healing Garden,www.healinggarden.com/
buybuy BABY,www.buybuybaby.com
Windex,www.windex.com/
Frosch,www.frosch.de/
Gordon Biersch,www.gordonbiersch.com/
Marc Jacobs Fragrance,marcjacobsfragrances.com
Nina Ricci,www.ninaricci.com/en-US/
Paris Hilton Fragrance,perfumesbyparis.com/
Puma,www.puma.com/
Neutrogena,www.neutrogena.com/
Yves Saint Laurent,ysl.com
Pampers,www.pampers.com/
Pantene,www.pantene.com/
Johnson's Baby,www.johnsonsbaby.com/
Marc Jacobs,marcjacobs.com
Banyan Tree Hotels & Resorts,www.banyantree.com/
Hublot,hublot.com
Missoni,missoni.com
Ann Taylor,anntaylor.com
Clarins,clarinsusa.com
Tory Burch,toryburch.com
Banana Republic,bananarepublic.com
Chivas Regal,www.chivas.com/
Longchamp,longchamp.com
Small Luxury Hotels of the World,www.slh.com/
Fendi,fendi.com
Alexander McQueen,www.alexandermcqueen.com
Kempinski,www.kempinski.com/
Sheraton Hotels & Resorts,starwoodhotels.com/sheraton/index.html
Kiehl's,www.kiehls.com
Relais & Chateaux,relaischateaux.com
Lexus,www.lexus.com/
Swatch,swatch.com
Morgans Hotel Group,morganshotelgroup.com
Franck Muller,www.franckmuller.com/
Walmart,www.walmart.com
Le Meridien,starwoodhotels.com/lemeridien
Esprit,esprit.com
Park Hyatt,park.hyatt.com/en/parkhyatt.html
Kate Spade,katespade.com
Belvedere,www.belvederevodka.com/
Tiffany & Co.,tiffany.com
Gymboree,gymboree.com
Lord & Taylor,lordandtaylor.com
Benefit Cosmetics,benefitcosmetics.com
Land Rover,www.landrover.com/us/en/lr/
Victoria's Secret,victoriassecret.com
Ted Baker,tedbaker.com
Audemars Piguet,www.audemarspiguet.com
Mandarin Oriental,mandarinoriental.com
Aston Martin,www.astonmartin.com/
Urban Outfitters,urbanoutfitters.com
Desigual,www.desigual.com/en_US
Nordstrom,shop.nordstrom.com
Calvin Klein,calvinklein.com
French Connection,usa.frenchconnection.com
Valentino,valentino.com
Hugo Boss,hugoboss.com
Pottery Barn,shopbop.com
Badgley Mischka,badgleymischka.com
DKNY,dkny.com
Autograph Collection,www.autograph-hotels.marriott.com/
Vita Coco,vitacoco.com/
Dermalogica,www.dermalogica.com/
The Ritz-Carlton,ritzcarlton.com
Ermenegildo Zegna,zegna.com
Shangri-La Hotels and Resorts,shangri-la.com
Belmond,www.belmond.com/
Mercedes-Benz,www5.mercedes-benz.com/
Omega,omegawatches.com
De Beers,debeers.com
Fairmont Hotels & Resorts,fairmont.com
White House | Black Market,whitehouseblackmarket.com
Hotel Indigo,www.ihg.com/hotelindigo/hotels/us/en/hd
Stella McCartney,stellamccartney.com
MGallery Collection,www.mgallery.com/gb/usa/index.shtml
Pan Pacific Hotels & Resorts,www.panpacific.com/
Four Seasons Hotels and Resorts,fourseasons.com
Diane von Furstenberg,dvf.com
Ferrari,ferrari.com
Neiman Marcus,neimanmarcus.com
Pandora,pandora.net
Saks Fifth Avenue,saksfifthavenue.com
Macy's,macys.com
Movado,movado.com
ASOS,asos.com
The Peninsula Hotels,peninsula.com
Viceroy Hotels and Resorts,www.viceroyhotelsandresorts.com/
Grand Hyatt,www.grand.hyatt.com/en/grandhyatt.html
The Luxury Collection Hotels & Resorts,www.starwoodhotels.com/luxury/index.html
IKEA,ikea.com
Novak Djokovic,novakdjokovic.com/en/
Capodarte,capodarte.com.br
JW Marriott,jwmarriott.com
Baccarat,baccarat.com
Breitling,www.breitling.com/
Renaissance Hotels,renaissance-hotels.marriott.com/
Swarovski,www.swarovski.com
One&Only Resorts,www.oneandonlyresorts.com/
Abercrombie & Fitch,abercrombie.com
Paul Smith,paulsmith.co.uk
Vivienne Westwood,www.viviennewestwood.com/
Maria Bonita,mariabonita.com.br
Glenmorangie,glenmorangie.com
Hyatt Regency,www.regency.hyatt.com/en/hyattregency.html
Crate & Barrel,crateandbarrel.com
Shopbop,potterybarn.com
Montblanc,montblanc.com
Omni Hotels & Resorts,www.omnihotels.com/
Jimmy Choo,jimmychoo.com
Audi,www.audiusa.com/
Infiniti,www.infiniti.com/
The Leading Hotels of the World,www.lhw.com/
Coast,www.coastsoap.com/
Hawaiian Tropic,www.hawaiiantropic.com/
Schell's,www.schellsbrewery.com/home.php
Tampax,http://www.tampax.com/en-us/home.aspx
Libman,www.libman.com/
Little Debbie,www.littledebbie.com/
element,www.starwoodhotels.com/element/index.html
Cold Spring,coldspringbrewery.com/
Uinta,www.uintabrewing.com/
hhgregg,www.hhgregg.com
Fry's Electronics,www.frys.com
Avene,www.aveneusa.com/
NOS,www.drinknos.com/
Coffee-mate,www.coffee-mate.com/default.aspx?AspxAutoDetectCookieSupport=1
Cabela's,www.cabelas.com/
Oberoi Hotels & Resorts,www.oberoihotels.com/
Cole Haan,colehaan.com
Coach,coach.com
Sofitel,sofitel.com
Joie de Vivre,www.jdvhotels.com/
Country Hearth Inns & Suites,www.countryhearth.com/
Carlos Miele,www.carlosmiele.com.br/
W Hotels,www.whotels.com
Topshop,topshop.com
Corello,corello.com.br
Galeries Lafayette,galerieslafayette.com
Christian Louboutin,christianlouboutin.com
Hyatt Hotels,www.hyatthotels.hyatt.com/en/hyatthotels.html
Ciroc,www.ciroc.com/
Louis Vuitton,louisvuitton.com
Hilton Hotels & Resorts,hilton.com
Anthropologie,anthropologie.com
Concorde Hotels & Resorts,www.concorde-hotels.com/en/
Brooks Brothers,brooksbrothers.com
Gucci,gucci.com
Radisson Blu,www.radissonblu.com/
Porsche,www.porsche.com/usa/
Warwick International Hotels,www.warwickhotels.com/
Founders,foundersbrewing.com/
The Langham Hotels and Resorts,www.langhamhotels.com
Victorinox,www.victorinox.com/
Pullman Hotels and Resorts,www.pullmanhotels.com/
Giorgio Armani,Armani.com
Stuart Weitzman,stuartweitzman.com
Filhas de Gaia,filhasdegaia.com.br
Raffles Hotels & Resorts,www.raffles.com/
Chloe,chloe.com
Cadillac,www.cadillac.com/
Alfred Dunhill,www.dunhill.com
Kimpton Hotels & Restaurants,www.kimptonhotels.com/
Rosewood Hotels & Resorts,rosewoodhotels.com
Harrods,harrods.com
Forum,forum.com.br
Selfridges,selfridges.com
Cartier,cartier.com
Loews Hotels & Resorts,www.loewshotels.com/
West Elm,westelm.com
7 For All Mankind,7Forallmankind.com
A|X Armani Exchange,armaniexchange.com
Acura,www.acura.com/
Brooklyn Brewery,brooklynbrewery.com/
U by Kotex,www.ubykotex.com/
Sunstar Gum,www.gumbrand.com/
Perry Ellis,www.perryellis.com/
Harpoon,www.harpoonbrewery.com/
Oskar Blues,oskarblues.com/
Huis Clos,huisclos.com.br
Aldo,aldo.com
Rihanna Fragrances,www.perfumesbyrihanna.com/
Bally,bally.com
Baume et Mercier ,baume-et-mercier.com
Belstaff,belstaff.com
Bergdorf Goodman,bergdorfgoodman.com
Bloomingdale's,bloomingdales.com
Blue Nile,bluenile.com
Bottega Veneta,www.bottegaveneta.com/
Bulgari,bulgari.com
Firestone,www.firestonebeer.com/
Catherine Malandrino,catherinemalandrino.com
CB2,cb2.com
Chanel,chanel.com
Chico's,chicos.com
Chopard,chopard.com
John Lewis,johnlewis.com
Leon's,www.leons.ca
Calgon,www.takemeaway.com/
WeatherTech,www.weathertech.com/
Golf Town,www.golftown.com
Colhogar,www.colhogar.com/
Barilla,www.barilla.com/
Pledge,www.pledge.com/
Knorr,www.knorr.com/
Club Monaco,clubmonaco.com
David Yurman,davidyurman.com
Thirst Pockets,www.thirstpockets.co.uk/
Derek Lam,dereklam.com
Thelure,thelure.com.br
El Corte Ingles,elcorteingles.es
Tufi Duek,www.tufiduek.com.br
Emirates,www.emirates.com/us/english/
Escada,escada.com
Ethan Allen,ethanallen.com
Etro,www.etro.com
Faberge,www.faberge.com
Ford,www.ford.com/
Bobbi Brown,bobbibrowncosmetics.com
Stone,www.stonebrew.com/
Galleria Department Store,galleria.co.kr
Celine Dion Fragrances,www.celinedionbeauty.com/
Keebler,www.keebler.com/
Collection Cosmetics,www.collectioncosmetics.co.uk/
Tilex,www.tilex.com/
Safeguard,www.safeguardsoap.com/
Office Depot,www.officedepot.com
Lancome,lancome-usa.com
Axe/Lynx,www.theaxeeffect.com/
Harry Winston,harrywinston.com
Hearts on Fire Diamonds,www.heartsonfire.com/
Heinz,www.heinzketchup.com/
Clear,www.clearhaircare.com/
Hermes,hermes.com
Home Depot,www.homedepot.com
Honda,www.honda.com/
House of Fraser,houseoffraser.co.uk
Degree / Rexona,www.degreedeodorant.com/en/women/
Ippolita,www.ippolita.com/
Dove,dove.us
IWC Schaffhausen,iwc.com
Jaeger-LeCoultre,jaeger-lecoultre.com
Jaguar,www.jaguar.com/index.html
Unilever,www.makinglifebetter.com/
John Lobb,www.johnlobb.com
John Varvatos,johnvarvatos.com
Juicy Couture ,juicycouture.com
Kenneth Cole,kennethcole.com
Remington,www.remingtonproducts.com/
Lotus,www.lotuscars.com/
Sierra Mist,www.sierramist.com/
Selsun Blue,www.selsunblue.com/
Mountain Dew,www.mountaindew.com/
Schick,www.schick.com/
Helmut Lang,www.helmutlang.com/
Taj,www.tajhotels.com/Luxury/Index.html
La Perla,www.laperla.com
Lancel,lancel.com
Lanvin,lanvin.com
Nexxus,www.nexxus.com/
LOFT,www.loft.com/
Longines,longines.com
Pond's,www.ponds.com/
Lucky Brand,luckybrand.com
Thomas,www.thomasbagels.com/
Lululemon Athletica,www.lululemon.com
Crystal,www.cervejacrystal.com.br/
El Palacio de Hierro,elpalaciodehierro.com.mx
Maserati,www.maserati.com/
Simple,www.simpleskincare.com/
Max Mara,maxmara.com
St. Ives,www.stives.com/
MGM Resorts,www.mgmresorts.com/
Michael Kors,www.michaelkors.com
Mikimoto,www.mikimotoamerica.com/
Millennium Hotels and Resorts,www.millenniumhotels.com/
Suave,www.suave.com/
Moncler,www.moncler.com/
Mulberry,mulberry.com
Oikos,www.oikosyogurt.com/
Glashutte Original,www.glashuette-original.com/
Olde Saratoga,www.oldesaratogabrew.com/
Reach,www.reachfloss.com/
Holiday Inn Express,www.hiexpress.com
Future Shop,www.futureshop.ca/
Alex and Ani,www.alexandani.com/
Rayovac,www.rayovac.com/
Net-A-Porter,net-a-porter.com
TRESemme,www.tresemme.com/
Nike,www.nike.com/
Vaseline,www.vaseline.us/
Oscar de la Renta,www.oscardelarenta.com/
Patek Philippe,patek.com
Piaget,piaget.com
Sephora,sephora.com
Prada,prada.com
Preferred Hotels & Resorts,preferredhotelgroup.com
Barneys New York,barneys.com
Shiseido,www.shiseido.com
Raymond Weil,raymond-weil.com
REI,www.rei.com/
Tag Heuer,tagheuer.com
Roberto Cavalli,robertocavalli.com
Rolex,rolex.com
JeanRichard,www.jeanrichard.com/
Westin Hotels and Resorts,www.starwoodhotels.com/westin/index.html
Salvatore Ferragamo,ferragamo.com
Smashbox Cosmetics,www.smashbox.com
Squarespace,www.squarespace.com
Dr. Pepper,www.drpepper.com/
Enervit,www.enervit.com/
Birds Eye,www.birdseye.com/
Vivanta by Taj Hotels & Resorts,www.vivantabytaj.com/
Aperol,www.aperol.com
Deva Curl,www.mydevacurl.com/
Dawn,www.dawn-dish.com/
Clif Bar,www.clifbar.com/
Del Monte,www.delmonte.com/
Gain,www.ilovegain.com/
New York Color,newyorkcolor.com/
Jergens,www.jergens.com/
Rock Bottom,www.rockbottom.com/
Renovo Motors,vimeo.com/renovomotors
Henkel,www.henkel.com/
Hampton Inn & Suites,hamptoninn3.hilton.com/en/index.html
Converse Japan,www.converse.co.jp/
Nabisco,www.snackworks.com/
Hillshire Farm,www.hillshirefarm.com/
Red Bull,www.redbull.com/en/
Lubriderm,www.lubriderm.com/
Similac,similac.com/
OxiClean,www.oxiclean.com
Kroger,www.kroger.com
Snuggle,www.snuggle.com/
Four Points by Sheraton,www.starwoodhotels.com/fourpoints/index.html
Walgreens,walgreens.com
Steigenberger Hotels and Resorts,en.steigenberger.com/
Howard Johnson,www.hojo.com/
SCA Group,www.sca.com/
Frederique Constant,www.frederique-constant.com/
Shinola,www.shinola.com/
Reitmans,www.reitmans.com/
LR,lrworld.com
Academy Sports + Outdoors,www.academy.com
Holiday Inn,www.holidayinn.com
Cillit Bang,www.cillitbang.it/
Ben & Jerry's,www.benjerry.com/
Banquet,www.banquet.com/
Qeelin,www.qeelin.com/
Gud,www.gudhappens.com/
Frito-Lay,www.fritolay.com/
Labello,int.labello.com/
The Central Intelligence Agency (CIA),www.cia.gov
Progresso,progresso.com/
Vagabond Inn,www.vagabondinn.com/
Fresh Express,www.freshexpress.com/
Green Giant,greengiant.com/
S.C. Johnson & Son,www.scjohnson.com/
Lipton,www.liptontea.com/
Decleor,www.decleor.co.uk/
Catrice,www.catrice.eu/en/home.html
Hyatt Place,www.place.hyatt.com/en/hyattplace.html
Kotex,www.kotex.com/
Vince Camuto,vincecamuto.com
Cheetos,www.fritolay.com/our-snacks/cheetos.html
Energizer,www.energizer.com/Pages/default.aspx
Pringles,www.pringles.com/en_US/home.html
Salinas,salinascompras.com.br
Maille,www.maille.com
Loro Piana,www.loropiana.com/
Third Street Brewhouse,www.thirdstreetbrewhouse.com/
Liberty,liberty.co.uk
Harry Rosen,www.harryrosen.com/
Menards,www.menards.com
Cheer,www.cheer.com/
Formula 409,www.formula409.com/
Roots Canada,canada.roots.com/
BJ's Wholesale Club,www.BJs.com
Boulevard,www.boulevard.com/
Sam's Club,www.samsclub.com
Lucozade,www.lucozade.com/
Dogfish Head,www.dogfish.com/
True Value,www.truevalue.com
S. Pellegrino,www.sanpellegrino.com
Budget Host Inn,www.budgethost.com/
Shipyard,www.shipyard.com/
Finish,www.finishdishwashing.com/
Curel,www.curel.com/
Petco Animal Supplies,www.petco.com
Clarisonic,www.clarisonic.com/
Nova Schin,www.novaschin.com/
Troegs,www.troegs.com/
Resolve,www.powerofresolve.com/
Belk,www.belk.com
Monster Energy,www.monsterenergy.com/
Campbell's,www.campbellskitchen.com/
HEB,www.heb.com/index.jsp
Crowne Plaza,www.ihg.com/crowneplaza/hotels/us/en/reservation
Deschutes Brewery,www.deschutesbrewery.com/
General Mills,www.generalmills.com/
Lost Coast,www.lostcoast.com/
Weleda,www.weleda.fr/
Magnum,www.magnumicecream.com/
Nestle,www.nestleusa.com/
Avlon,www.avlon.com/
Marie Callender's,www.mariecallendersmeals.com/
Mido,www.midowatch.com/
Girard-Perregaux,www.girard-perregaux.com/
Home Hardware,www.homehardware.ca/en/index.htm
Mendocino,www.mendobrew.com/home.html
Certina,www.certina.com/
TONI & GUY Hair Meet Wardrobe,www.hairmeetwardrobe.us/
Oakley,www.oakley.com/
Kiki de Montparnasse,kikidm.com
Anantara,www.anantara.com/
Dr. Miracle's,www.drmiracles.com/
Galenic,www.galenic.com/
Mezzo Mix,www.mezzomix.de/
Summer's Eve,www.summerseve.com/
Odell,odellbrewing.com/
One Direction,www.onedirectionmusic.com/us/home/
Shinsegae,www.shinsegae.com/
Saint Arnold,www.saintarnold.com/
Horizon Organic,www.horizondairy.com/
Cera di Cupra,www.ceradicupra.it/
Old Spice,www.oldspice.com/
Rado,www.rado.com/
Entenmann's,www.entenmanns.com/
Edge,www.edgeshave.com/
Woolite,www.woolite.us/
Breyers,www.breyers.com/
Energade,www.energade.co.za/
Electric,www.electricvisual.com/
Dry Idea,dryidea.com/
Trader Joe's,www.traderjoes.com
Hudson's Bay,thebay.com
Publix,www.publix.com
New Glarus,www.newglarusbrewing.com/
Hormel,www.hormel.com/
Marc Jacobs Beauty,www.marcjacobsbeauty.com/
Calvin Klein Fragrance,www.calvinklein.com/
Viva,www.vivatowels.com/
Shock Top,www.shocktopbeer.com/
Kellogg Company,www.kelloggcompany.com/en_US/home.html
Sloane Stephens,sloanestephens.com/home/
Orangina,www.orangina.eu/
Nair,www.naircare.com/
Alice + Olivia,aliceandolivia.com
Pilsen Callao,www.pilsencallao.com.pe/
Victoria,www.cervezavictoria.es/
La Casera,www.lacasera.es/
Prestige Brand Holdings,prestigebrandsinc.com/
Fitbit,www.fitbit.com/
David Ferrer,www.davidferrer.com/
Courtyard by Marriott,www.marriott.com/courtyard/travel.mi
Chaumet,www.chaumet.com/
I.C. Light,www.pittsburghbrewing.com/brands/#ic-light
Diet Coke,www.dietcoke.com/
Chapurin,www.chapurin.ru/
Clarion,www.clarionhotel.com/
Flying Dog,flyingdogales.com/
Campanile,www.campanile.com/fr
Danone,www.dannon.com/
Energizer Holdings,www.energizerholdings.com/Pages/default.aspx
Gerber,www.gerber.com
Goyard,goyard.com
Ulysse Nardin,www.ulysse-nardin.ch/
Clean & Clear,www.cleanandclear.com/
Nautica,www.nautica.com/home/index.jsp
Staples,www.staples.com/
Lysol,www.lysol.com/
Mr. Clean,www.mrclean.com/
Lays,www.fritolay.com/lays/index.html
Emanuel Ungaro,www.ungaro.com/#/home
Bloglovin,www.bloglovin.com/
Dark Dog,www.darkdog-energydrink.com/
Veet,www.veet.us/
GMC,www.gmc.com/
Shopko,www.shopko.com
PetSmart,www.petsmart.com/
Celine Dion,boutique.celinedion.com/en/
Physician's Formula,www.physiciansformula.com/en-us/default.html
DiGiorno,www.digiorno.com/
Lane Crawford,www.lanecrawford.com/
Sprite,www.sprite.com/
Worldhotels,www.worldhotels.com/
Ray-Ban,www.ray-ban.com
Jo-Ann Stores,www.joann.com
Dodge,www.dodge.com/
Parmigiani Fleurier,http://www.parmigiani.ch/
Purex,www.purex.com/
Hershey Co,www.thehersheycompany.com/
RAM,www.ramtrucks.com/
Tarte,tartecosmetics.com/
Zotos,zotos.com/
Famous Footwear,www.famousfootwear.com
London Drugs,www.londondrugs.com/
MyFitnessPal Application,www.myfitnesspal.com
Hobby Lobby,www.hobbylobby.com
Vince,www.vince.com
Eveready,www.eveready.com/
Scope,www.scopemouthwash.com/
e.l.f. Cosmetics,www.eyeslipsface.com/
Okura Hotels & Resorts,www.okura.com/brand/ohr/
Reed Krakoff,www.reedkrakoff.com/
Planters,planters.com/
Collistar,www.collistar.com/index.asp
Hot Pockets,www.hotpockets.com/
Target,www.target.com/
Aquafresh,www.aquafresh.com/
Arm & Hammer,www.armandhammer.com/
Joop!,joop.com/de/de/
Tesla,www.teslamotors.com/
The Source,www.thesource.ca/
Stouffer's,www.stouffers.com/
Country Inns & Suites,www.countryinns.com/
Dorint Hotels & Resorts,www.dorint.com/de/
Luk Fook,www.lukfook.com/
Marussia,marussiamotors.ru/
Snickers,www.snickers.com/
Rite Aid,www.riteaid.com
Charmin,www.charmin.com/
Decathlon,www.decathlon.de/
Schlafly,www.schlafly.com
Trollbeads,www.trollbeads.com/
Rebecca Taylor,www.rebeccataylor.com/
Ecover,us.ecover.com
Enfamil,www.enfamil.com
Ban,www.feelbanfresh.com/
Florena,www.florena.de/
Johnsonville,www.johnsonville.com/home.html
Cottonelle,www.cottonelle.com/
Pull-Ups,www.pull-ups.com/
Duluth Trading Company,www.duluthtrading.com/
Kingfisher,www.kingfisherworld.com/
Effect Energy,www.effect-energy.com/
Sure,www.suredeodorant.com/
Gillette Venus,www.gillettevenus.com/
Rembrandt,www.rembrandt.com/
Chevrolet,www.chevrolet.com/
Always,www.always.com/
Crest,www.crest.com/
Ragu,www.ragu.com/
Colgate-Palmolive,www.colgatepalmolive.com/app/Colgate/US/CompanyHomePage.cvsp
Clorox,www.clorox.com/
Miss Jessie's,missjessies.com/
Ouidad,www.ouidad.com/
Rebecca Minkoff,rebeccaminkoff.com
Seventh Generation,www.seventhgeneration.com/
Hellmann's,www.hellmanns.com/
Katy Perry Fragrances,www.katyperryfragrances.com/
Hershey's,www.hersheys.com/
Faxe Kondi,kondi.like.st/faxekondi/faxekondi/image_poll/website
Emerge,www.emergestimulation.com/
OfficeMax,www.officemax.com
Persil universe (Surf/Skip/OMO),www.persil.fr/
Dial For Men,dialformen.com/
Jeep,www.jeep.com/
Kay Jewelers,kay.com
RadioShack,www.radioshack.com
Grain Belt,www.grainbelt.com/home.php
Rockstar Energy,rockstarenergy.com/
Ruffles,www.fritolay.com/our-snacks/ruffles.html
Dermablend,www.dermablend.com/
Sports Authority,www.sportsauthority.com
PepsiCo,www.pepsico.com/
Lady Gaga Fragrances,www.hauslaboratories.com/fame
Dole,dole.com/
Kaiser,www.kaiser.com.br//
Listerine,www.listerine.com/
Dundee,www.dundeebeer.com/
Lowe's,www.lowes.com
Home Made Simple,www.pgeveryday.com/home-garden
Destination Maternity ,destinationmaternity.com
Iams,www.iams.com/
Dove Men+Care,www.dovemencare.com/
Big Lots,www.biglots.com
Karl Strauss,www.karlstrauss.com/
Mountain Equipment Co-op,www.mec.ca/
Vera Wang,www.verawang.com/
Puma Fragrances,www.puma-fragrances.com/
Swiffer,www.swiffer.com/
Chobani,chobani.com/home
The Brick,www1.thebrick.com
Earth's Best,www.earthsbest.com/
Earthbound Farm,www.ebfarm.com/
Kmart,www.Kmart.com
Intuit,www.intuit.com/
Kellogg's,www.kelloggs.com/en_US/home.html
Reese's,www.hersheys.com/reeses/
Nature's Own,www.naturesownbread.com/
Left Hand,www.lefthandbrewing.com/
Toys'r'us,www.toysrus.com/shop/index.jsp?categoryId=2255956
Burlington Coat Factory,www.burlingtoncoatfactory.com
Schweppes,www.schweppes.com/
Value Retail,www.chicoutletshopping.com/en/home/home
Loewe,www.perfumesloewe.com/
Dreyer's/Edy's,www.dreyers.com/
Pine-Sol,www.pinesol.com/
Winners,www.winners.ca/en/index.asp
Jessie J,www.jessiejofficial.com/
Jean Coutu,www.jeancoutu.com/
Wisk,www.wisk.com/
Maurice Lacroix,www.mauricelacroix.com/
Braun,www.braun.com/
Richards,richards.com.br
Cost Plus World Market,www.worldmarket.com
Danone Groupe,www.danone.com/en/
Earth Friendly Products,www.ecos.com/
Comfort Suites,www.comfortsuites.com/
Duracell,www.duracell.com/
Dillard's,dillards.com
Eastbay,www.eastbay.com/
GUM,gum.ru
HomeGoods,www.homegoods.com
Bentley,www.bentleymotors.com/
Playtex,www.playtexplayon.com/
H10 Hotels,www.h10hotels.com/es/index.html
Pillsbury,www.pillsbury.com/
Stonyfield Farms,www.stonyfield.com/
Weight Watchers,www.weightwatchers.com/
Costco,www.costco.com/
Jimmy Dean,www.jimmydean.com/
Hormocenta,www.hormocenta-kosmetik.de/
Rainett,www.rainett.fr/
Selena Gomez,selenagomez.com/
Yoplait,www.yoplait.com/
Drano,www.drano.com/
Skintimate,www.skintimate.com
Portland Brewing,www.portlandbrewing.com/
Colgate,www.colgate.com/
Rexall,www.rexall.ca/
Ulta,ulta.com
Knights Inn,www.knightsinn.com/
Elizabeth Taylor,elizabethtaylor.com/
KMS California,www.kmscalifornia.com/
Nature Valley,www.naturevalley.com/
Dunhill Fragrances,www.dunhillfragrances.com/
Elizabeth Taylor Fragrances,www.elizabethtaylorbeauty.com/
Maison Birks,www.birks.com/
Meijer,www.meijer.com
Alterna,www.alternahaircare.com/
Cambria Suites,www.cambriasuites.com/
Tom's of Maine,www.tomsofmaine.com/
Luvs,www.luvsdiapers.com/
Cobra,www.cobragolf.com/
Church,church-footwear.com
Bed Bath & Beyond,www.bedbathandbeyond.com
Kraft,www.kraftrecipes.com/home.aspx
Rihanna,www.rihannanow.com/rihanna-now/
McCormick,www.mccormick.com/
Era,www.eradetergent.com/
Mark's,www.marks.com/
Subaru,www.subaru-global.com/
e45,www.e45.co.uk/
Mrs. Meyer's Clean Day,www.mrsmeyers.com/
Philadelphia,www.kraftrecipes.com/philadelphia/default.aspx
DoubleTree by Hilton,doubletree3.hilton.com/en/index.html
SheaMoisture,www.sheamoisture.com/
Method,methodhome.com/
Jack Link's,www.jacklinks.com/
Land O'Lakes,www.landolakes.com/
Tibi,www.tibi.com/
Being Girl,www.beinggirl.com/
Liquid-Plumr,www.liquidplumr.com/
Stop & Shop,www.stopandshop.com
Kohl's,www.kohls.com
Canada Dry,www.canadadry.com/
Oral-B,www.oralb.com/
Hillshire Brands,www.hillshirebrands.com/
Worthington's,www.worthingtonsale.com
Abita,abita.com/
Church & Dwight,www.churchdwight.com/
PINK,pink.victoriassecret.com/
Joe's Jeans,www.joesjeans.com/
Family Dollar,www.familydollar.com
Renuzit,www.renuzit.com/
Arizona,drinkarizona.wordpress.com/
Econo Lodge,www.econolodge.com/
Mars,www.mars.com/global/index.aspx
Container Store,www.containerstore.com
Dollar General,www.dollargeneral.com
Sensodyne,us.sensodyne.com/
Scott,www.scottbrand.com/
Cheerios,www.cheerios.com/
Great Lakes,www.greatlakesbrewing.com/
Fenwick,fenwick.co.uk
Pomellato,www.pomellato.com/
Ross,www.rossstores.com
Dicks Sporting Goods,www.dickssportinggoods.com
Katy Perry,www.katyperry.com/
Olya Shikhova,olyashikhova.com/
Bell's,bellsbeer.com/
Kashi,www.kashi.com/
Amy's Kitchen,www.amys.com/
Artistry,artistry.com/
Wrigley's,www.wrigley.com/global/index.aspx
Holt Renfrew,holtrenfrew.com
Andaz,www.andaz.hyatt.com/en/andaz.html
Eucerin,www.eucerin.com/
Right Guard,rightguard.com/
Eastern Mountain Sports,www.ems.com/
Moleskine,www.moleskine.com/
Cheez-It,www.cheez-it.com/
Quilted Northern,www.quiltednorthern.com/
Grupo Bimbo,www.grupobimbo.com/en/index.html
de Bijenkorf,debijenkorf.nl
Haagen-Dazs,www.haagendazs.com/
Ace Hardware,www.acehardware.com
Febreze,www.febreze.com/
Green Works,www.greenworkscleaners.com/
Milagro,www.milagrotequila.com/
Huggies,www.huggies.com/
Caudalie,us.caudalie.com/
Goose Island,www.gooseisland.com/
Gold Bond,www.goldbond.com/
Comme Des Garcons,comme-des-garcons.com
Barbasol,www.barbasol.com/
Dollar Tree,www.dollartree.com
Mitchum,www.mitchum.com/
Albertsons,www.albertsons.com
Daz,www.dazwhite.co.uk/
Biore,www.biore.com/en-US/biore-skincare
Kraft Foods Group,www.kraftfoodsgroup.com/home/index.aspx
Lady Speed Stick,www.colgate.com/app/Colgate/US/PC/TeenSpirit/HomePage.cvsp
Nikko Hotels International,www.okura.com/brand/nhi/
Hyatt Hotels Corporation,hyatt.com/hyatt/index.jsp
Champion,www.championusa.com/
Zewa,www.zewa.de/
Fernet Branca,www.fernetbranca.com
Zagliani,zagliani.it
Gillette,www.gillette.com/
Carhartt,www.carhartt.com
Coke Zero,www.cokezero.com/
Elie Tahari,www.elietahari.com/
Comet,cometcleanser.com/
Cushelle,cushelle.com
North Coast Brewing Co.,www.northcoastbrewing.com
Carita,www.caritadirect.com/
Mazda,www.mazdausa.com/
Tostitos,www.fritolay.com/tostitos/
Panasonic,shop.panasonic.com/
Marshall's,www.marshallsonline.com
Bic,www.bicworld.com/
Sears,www.sears.com/
Totino's,www.totinos.com/
Scorpio Parfums,www.scorpio-parfums.fr/
Maria Golubeva,www.maria-golubeva.com/
Kleenex,www.kleenex.com/
ConAgra Foods,www.conagrafoods.com/
Sisley,www.sisley-cosmetics.com/us-en/
KitKat,www.hersheys.com/kitkat/default.aspx
Denis Simachev,www.denissimachev.com/
Hilton Garden Inn,hiltongardeninn3.hilton.com/en/index.html
Tretorn,www.tretorn.com/
L'Arbre Vert,www.arbrevert.fr/
Coppertone,www.coppertone.com/
TJ Maxx,tjmaxx.com
ORS,www.orshaircare.com/
Miu Miu,miumiu.com
Manolo Blahnik,www.manoloblahnik.com
Banana Boat,www.bananaboat.com
Full Sail,www.fullsailbrewing.com/
em Cosmetics,www.emcosmetics.com/
SweetWater,sweetwaterbrew.com/
Pepperidge Farm,www.pepperidgefarm.com/
Fanta,www.fanta.com/
Gatorade,www.gatorade.com/
Createurs de beaute,www.ccbparis.fr/
 eliminate (erroneous addition),www.cvs.com/shop
Vera Wang Fragrances,www.verawangfragrances.com/
Cristal,www.cristal.com.pe/index
Carefree,www.carefreeliners.com/
Loblaws,www.loblaws.ca/
Downy,www.downy.com/
Oris,www.oris.ch/
DSW Stores,www.dsw.com
Velveeta,www.kraftrecipes.com/Products/velveeta-hub.aspx
Canadian Tire,www.canadiantire.ca/en.html
True Religion,www.truereligion.com/
Post,www.postfoods.com/
Glade,www.glade.com/
Sargento,www.sargento.com/
jacks test brand edit,www.dailygalaxy.com
Michaels Stores,www.michaels.com
Phyto,www.phyto-usa.com/
Restoration Hardware,restorationhardware.com
Dark and Lovely,www.softsheen-carson.com/_us/_en/dark-and-lovely/
Betty Crocker,www.bettycrocker.com/
Tyson,www.tyson.com/
Turbotax,turbotax.intuit.com/
Manhattan,www.manhattan.de/
Deborah,www.deborahmilano.com/it/
Bon-Ton,bonton.com
Safeway,www.safeway.com
Full Throttle,www.drinkfullthrottle.com/
Nivea For Men,www.niveaformenusa.com/
Nissan,www.nissanusa.com/
Lagunitas,lagunitas.com/
Pier 1 Imports,www.pier1.com
Fabuloso,www.colgate.com/app/Colgate/US/HC/Products/HouseholdCleaners/Fabuloso.cvsp
Metro,www.metro.ca/home.en.html
Oscar Mayer,www.kraftbrands.com/oscarmayer/
Endomondo,www.endomondo.com/
Whole Foods,www.wholefoodsmarket.com
